date,product,location,qty_kg
2026-03-01,Tomato,Chennai,386.4
2026-03-02,Tomato,Chennai,348.6
2026-03-03,Tomato,Chennai,383.2
2026-03-04,Tomato,Chennai,379.4
2026-03-05,Tomato,Chennai,375.7
2026-03-06,Tomato,Chennai,486.1
2026-03-07,Tomato,Chennai,484.5
2026-03-08,Tomato,Chennai,367.9
2026-03-09,Tomato,Chennai,345.7
2026-03-10,Tomato,Chennai,376.8
2026-03-11,Tomato,Chennai,397.5
2026-03-12,Tomato,Chennai,376.4
2026-03-13,Tomato,Chennai,505.7
2026-03-14,Tomato,Chennai,480.3
2026-03-15,Tomato,Chennai,362.6
2026-03-16,Tomato,Chennai,371.2
2026-03-17,Tomato,Chennai,367.3
2026-03-18,Tomato,Chennai,365.2
2026-03-19,Tomato,Chennai,389.9
2026-03-20,Tomato,Chennai,525.0
2026-03-21,Tomato,Chennai,488.5
2026-03-22,Tomato,Chennai,358.2
2026-03-23,Tomato,Chennai,393.6
2026-03-24,Tomato,Chennai,362.4
2026-03-25,Tomato,Chennai,366.3
2026-03-26,Tomato,Chennai,391.5
2026-03-27,Tomato,Chennai,497.0
2026-03-28,Tomato,Chennai,489.2
2026-03-29,Tomato,Chennai,385.4
2026-03-30,Tomato,Chennai,378.2
2026-03-31,Tomato,Chennai,412.7
2026-04-01,Tomato,Chennai,374.3
2026-04-02,Tomato,Chennai,370.7
2026-04-03,Tomato,Chennai,492.9
2026-04-04,Tomato,Chennai,493.5
2026-04-05,Tomato,Chennai,393.2
2026-04-06,Tomato,Chennai,354.4
2026-04-07,Tomato,Chennai,390.6
2026-04-08,Tomato,Chennai,375.9
2026-04-09,Tomato,Chennai,395.6
2026-04-10,Tomato,Chennai,498.3
2026-04-11,Tomato,Chennai,506.6
2026-04-12,Tomato,Chennai,377.7
2026-04-13,Tomato,Chennai,390.0
2026-04-14,Tomato,Chennai,408.2
2026-04-15,Tomato,Chennai,371.9
2026-04-16,Tomato,Chennai,381.2
2026-04-17,Tomato,Chennai,490.1
2026-04-18,Tomato,Chennai,520.9
2026-04-19,Tomato,Chennai,375.6
2026-04-20,Tomato,Chennai,370.8
2026-04-21,Tomato,Chennai,372.9
2026-04-22,Tomato,Chennai,379.2
2026-04-23,Tomato,Chennai,369.0
2026-04-24,Tomato,Chennai,489.3
2026-04-25,Tomato,Chennai,496.7
2026-04-26,Tomato,Chennai,378.2
2026-04-27,Tomato,Chennai,392.0
2026-04-28,Tomato,Chennai,374.4
2026-04-29,Tomato,Chennai,375.7
2026-04-30,Tomato,Chennai,382.5
2026-05-01,Tomato,Chennai,525.0
2026-05-02,Tomato,Chennai,479.0
2026-05-03,Tomato,Chennai,406.0
2026-05-04,Tomato,Chennai,358.9
2026-05-05,Tomato,Chennai,379.6
2026-05-06,Tomato,Chennai,370.6
2026-05-07,Tomato,Chennai,363.0
2026-05-08,Tomato,Chennai,497.6
2026-05-09,Tomato,Chennai,495.4
2026-05-10,Tomato,Chennai,366.4
2026-05-11,Tomato,Chennai,341.7
2026-05-12,Tomato,Chennai,366.3
2026-05-13,Tomato,Chennai,374.1
2026-05-14,Tomato,Chennai,371.5
2026-05-15,Tomato,Chennai,493.4
2026-05-16,Tomato,Chennai,510.3
2026-05-17,Tomato,Chennai,375.9
2026-05-18,Tomato,Chennai,377.5
2026-05-19,Tomato,Chennai,370.6
2026-05-20,Tomato,Chennai,385.3
2026-05-21,Tomato,Chennai,375.1
2026-05-22,Tomato,Chennai,487.6
2026-05-23,Tomato,Chennai,502.7
2026-05-24,Tomato,Chennai,368.5
2026-05-25,Tomato,Chennai,360.4
2026-05-26,Tomato,Chennai,370.4
2026-05-27,Tomato,Chennai,380.1
2026-05-28,Tomato,Chennai,369.8
2026-05-29,Tomato,Chennai,486.0
2026-05-30,Tomato,Chennai,459.1
2026-05-31,Tomato,Chennai,347.1
2026-06-01,Tomato,Chennai,351.2
2026-06-02,Tomato,Chennai,339.6
2026-06-03,Tomato,Chennai,359.5
2026-06-04,Tomato,Chennai,350.7
2026-06-05,Tomato,Chennai,481.7
2026-06-06,Tomato,Chennai,442.9
2026-06-07,Tomato,Chennai,378.1
2026-06-08,Tomato,Chennai,339.3
2026-06-09,Tomato,Chennai,334.6
2026-06-10,Tomato,Chennai,340.0
2026-06-11,Tomato,Chennai,380.9
2026-06-12,Tomato,Chennai,455.4
2026-06-13,Tomato,Chennai,462.9
2026-06-14,Tomato,Chennai,346.4
2026-06-15,Tomato,Chennai,347.0
2026-06-16,Tomato,Chennai,339.9
2026-06-17,Tomato,Chennai,347.4
2026-06-18,Tomato,Chennai,353.2
2026-06-19,Tomato,Chennai,473.6
2026-06-20,Tomato,Chennai,419.2
2026-06-21,Tomato,Chennai,367.4
2026-06-22,Tomato,Chennai,350.3
2026-06-23,Tomato,Chennai,336.1
2026-06-24,Tomato,Chennai,332.5
2026-06-25,Tomato,Chennai,355.5
2026-06-26,Tomato,Chennai,444.1
2026-06-27,Tomato,Chennai,416.6
2026-06-28,Tomato,Chennai,342.7
2026-06-29,Tomato,Chennai,353.6
2026-06-30,Tomato,Chennai,348.4
2026-07-01,Tomato,Chennai,325.3
2026-07-02,Tomato,Chennai,313.7
2026-07-03,Tomato,Chennai,428.0
2026-07-04,Tomato,Chennai,480.6
2026-07-05,Tomato,Chennai,308.1
2026-07-06,Tomato,Chennai,317.7
2026-07-07,Tomato,Chennai,335.4
2026-07-08,Tomato,Chennai,326.8
2026-07-09,Tomato,Chennai,324.8
2026-07-10,Tomato,Chennai,455.4
2026-07-11,Tomato,Chennai,411.1
2026-07-12,Tomato,Chennai,325.0
2026-07-13,Tomato,Chennai,327.4
2026-07-14,Tomato,Chennai,311.5
2026-07-15,Tomato,Chennai,301.1
2026-07-16,Tomato,Chennai,325.9
2026-07-17,Tomato,Chennai,444.6
2026-07-18,Tomato,Chennai,422.3
2026-07-19,Tomato,Chennai,320.7
2026-07-20,Tomato,Chennai,319.8
2026-07-21,Tomato,Chennai,313.9
2026-07-22,Tomato,Chennai,334.7
2026-07-23,Tomato,Chennai,308.5
2026-07-24,Tomato,Chennai,389.6
2026-07-25,Tomato,Chennai,385.2
2026-07-26,Tomato,Chennai,314.9
2026-07-27,Tomato,Chennai,328.9
2026-07-28,Tomato,Chennai,315.7
2026-07-29,Tomato,Chennai,306.6
2026-07-30,Tomato,Chennai,317.5
2026-07-31,Tomato,Chennai,405.6
2026-08-01,Tomato,Chennai,414.3
2026-08-02,Tomato,Chennai,328.3
2026-08-03,Tomato,Chennai,293.3
2026-08-04,Tomato,Chennai,271.8
2026-08-05,Tomato,Chennai,300.9
2026-08-06,Tomato,Chennai,290.2
2026-08-07,Tomato,Chennai,408.7
2026-08-08,Tomato,Chennai,384.5
2026-08-09,Tomato,Chennai,275.3
2026-08-10,Tomato,Chennai,294.1
2026-08-11,Tomato,Chennai,279.7
2026-08-12,Tomato,Chennai,325.3
2026-08-13,Tomato,Chennai,307.8
2026-08-14,Tomato,Chennai,399.9
2026-08-15,Tomato,Chennai,397.4
2026-08-16,Tomato,Chennai,311.5
2026-08-17,Tomato,Chennai,315.3
2026-08-18,Tomato,Chennai,289.6
2026-08-19,Tomato,Chennai,275.8
2026-08-20,Tomato,Chennai,283.8
2026-08-21,Tomato,Chennai,384.1
2026-08-22,Tomato,Chennai,345.6
2026-08-23,Tomato,Chennai,312.0
2026-08-24,Tomato,Chennai,265.9
2026-08-25,Tomato,Chennai,302.8
2026-08-26,Tomato,Chennai,290.8
2026-08-27,Tomato,Chennai,297.1
2026-03-01,Tomato,Coimbatore,317.0
2026-03-02,Tomato,Coimbatore,313.4
2026-03-03,Tomato,Coimbatore,349.8
2026-03-04,Tomato,Coimbatore,318.1
2026-03-05,Tomato,Coimbatore,326.8
2026-03-06,Tomato,Coimbatore,419.1
2026-03-07,Tomato,Coimbatore,423.9
2026-03-08,Tomato,Coimbatore,318.9
2026-03-09,Tomato,Coimbatore,337.2
2026-03-10,Tomato,Coimbatore,314.9
2026-03-11,Tomato,Coimbatore,310.5
2026-03-12,Tomato,Coimbatore,322.7
2026-03-13,Tomato,Coimbatore,418.7
2026-03-14,Tomato,Coimbatore,411.0
2026-03-15,Tomato,Coimbatore,326.9
2026-03-16,Tomato,Coimbatore,307.1
2026-03-17,Tomato,Coimbatore,358.1
2026-03-18,Tomato,Coimbatore,310.0
2026-03-19,Tomato,Coimbatore,322.9
2026-03-20,Tomato,Coimbatore,426.5
2026-03-21,Tomato,Coimbatore,458.0
2026-03-22,Tomato,Coimbatore,307.1
2026-03-23,Tomato,Coimbatore,335.3
2026-03-24,Tomato,Coimbatore,348.8
2026-03-25,Tomato,Coimbatore,328.7
2026-03-26,Tomato,Coimbatore,315.9
2026-03-27,Tomato,Coimbatore,431.9
2026-03-28,Tomato,Coimbatore,456.6
2026-03-29,Tomato,Coimbatore,324.4
2026-03-30,Tomato,Coimbatore,355.2
2026-03-31,Tomato,Coimbatore,337.6
2026-04-01,Tomato,Coimbatore,352.2
2026-04-02,Tomato,Coimbatore,337.0
2026-04-03,Tomato,Coimbatore,426.5
2026-04-04,Tomato,Coimbatore,458.3
2026-04-05,Tomato,Coimbatore,337.0
2026-04-06,Tomato,Coimbatore,336.0
2026-04-07,Tomato,Coimbatore,345.6
2026-04-08,Tomato,Coimbatore,347.3
2026-04-09,Tomato,Coimbatore,345.5
2026-04-10,Tomato,Coimbatore,412.9
2026-04-11,Tomato,Coimbatore,423.4
2026-04-12,Tomato,Coimbatore,323.1
2026-04-13,Tomato,Coimbatore,321.1
2026-04-14,Tomato,Coimbatore,319.6
2026-04-15,Tomato,Coimbatore,322.4
2026-04-16,Tomato,Coimbatore,337.3
2026-04-17,Tomato,Coimbatore,439.1
2026-04-18,Tomato,Coimbatore,431.4
2026-04-19,Tomato,Coimbatore,325.3
2026-04-20,Tomato,Coimbatore,350.6
2026-04-21,Tomato,Coimbatore,329.8
2026-04-22,Tomato,Coimbatore,345.0
2026-04-23,Tomato,Coimbatore,322.1
2026-04-24,Tomato,Coimbatore,435.7
2026-04-25,Tomato,Coimbatore,449.3
2026-04-26,Tomato,Coimbatore,290.7
2026-04-27,Tomato,Coimbatore,319.7
2026-04-28,Tomato,Coimbatore,338.1
2026-04-29,Tomato,Coimbatore,347.0
2026-04-30,Tomato,Coimbatore,331.5
2026-05-01,Tomato,Coimbatore,427.3
2026-05-02,Tomato,Coimbatore,450.2
2026-05-03,Tomato,Coimbatore,346.5
2026-05-04,Tomato,Coimbatore,313.9
2026-05-05,Tomato,Coimbatore,328.3
2026-05-06,Tomato,Coimbatore,331.5
2026-05-07,Tomato,Coimbatore,351.5
2026-05-08,Tomato,Coimbatore,435.8
2026-05-09,Tomato,Coimbatore,420.7
2026-05-10,Tomato,Coimbatore,327.7
2026-05-11,Tomato,Coimbatore,295.6
2026-05-12,Tomato,Coimbatore,337.9
2026-05-13,Tomato,Coimbatore,332.6
2026-05-14,Tomato,Coimbatore,340.6
2026-05-15,Tomato,Coimbatore,416.3
2026-05-16,Tomato,Coimbatore,419.7
2026-05-17,Tomato,Coimbatore,313.7
2026-05-18,Tomato,Coimbatore,303.1
2026-05-19,Tomato,Coimbatore,310.8
2026-05-20,Tomato,Coimbatore,292.0
2026-05-21,Tomato,Coimbatore,332.4
2026-05-22,Tomato,Coimbatore,380.9
2026-05-23,Tomato,Coimbatore,443.3
2026-05-24,Tomato,Coimbatore,290.5
2026-05-25,Tomato,Coimbatore,338.9
2026-05-26,Tomato,Coimbatore,302.1
2026-05-27,Tomato,Coimbatore,323.6
2026-05-28,Tomato,Coimbatore,303.2
2026-05-29,Tomato,Coimbatore,433.2
2026-05-30,Tomato,Coimbatore,407.9
2026-05-31,Tomato,Coimbatore,328.7
2026-06-01,Tomato,Coimbatore,313.1
2026-06-02,Tomato,Coimbatore,316.6
2026-06-03,Tomato,Coimbatore,319.9
2026-06-04,Tomato,Coimbatore,302.1
2026-06-05,Tomato,Coimbatore,382.9
2026-06-06,Tomato,Coimbatore,381.7
2026-06-07,Tomato,Coimbatore,308.7
2026-06-08,Tomato,Coimbatore,300.0
2026-06-09,Tomato,Coimbatore,274.4
2026-06-10,Tomato,Coimbatore,313.6
2026-06-11,Tomato,Coimbatore,286.9
2026-06-12,Tomato,Coimbatore,378.5
2026-06-13,Tomato,Coimbatore,394.3
2026-06-14,Tomato,Coimbatore,289.6
2026-06-15,Tomato,Coimbatore,304.2
2026-06-16,Tomato,Coimbatore,331.2
2026-06-17,Tomato,Coimbatore,295.2
2026-06-18,Tomato,Coimbatore,284.3
2026-06-19,Tomato,Coimbatore,392.0
2026-06-20,Tomato,Coimbatore,376.7
2026-06-21,Tomato,Coimbatore,298.3
2026-06-22,Tomato,Coimbatore,302.0
2026-06-23,Tomato,Coimbatore,296.0
2026-06-24,Tomato,Coimbatore,296.6
2026-06-25,Tomato,Coimbatore,297.9
2026-06-26,Tomato,Coimbatore,406.5
2026-06-27,Tomato,Coimbatore,377.8
2026-06-28,Tomato,Coimbatore,294.7
2026-06-29,Tomato,Coimbatore,305.0
2026-06-30,Tomato,Coimbatore,298.4
2026-07-01,Tomato,Coimbatore,285.2
2026-07-02,Tomato,Coimbatore,303.3
2026-07-03,Tomato,Coimbatore,362.7
2026-07-04,Tomato,Coimbatore,371.4
2026-07-05,Tomato,Coimbatore,276.0
2026-07-06,Tomato,Coimbatore,295.4
2026-07-07,Tomato,Coimbatore,303.9
2026-07-08,Tomato,Coimbatore,288.7
2026-07-09,Tomato,Coimbatore,285.7
2026-07-10,Tomato,Coimbatore,355.8
2026-07-11,Tomato,Coimbatore,357.5
2026-07-12,Tomato,Coimbatore,264.4
2026-07-13,Tomato,Coimbatore,249.0
2026-07-14,Tomato,Coimbatore,275.0
2026-07-15,Tomato,Coimbatore,275.7
2026-07-16,Tomato,Coimbatore,312.0
2026-07-17,Tomato,Coimbatore,385.7
2026-07-18,Tomato,Coimbatore,369.7
2026-07-19,Tomato,Coimbatore,308.5
2026-07-20,Tomato,Coimbatore,297.4
2026-07-21,Tomato,Coimbatore,245.7
2026-07-22,Tomato,Coimbatore,291.1
2026-07-23,Tomato,Coimbatore,285.1
2026-07-24,Tomato,Coimbatore,351.5
2026-07-25,Tomato,Coimbatore,333.7
2026-07-26,Tomato,Coimbatore,281.3
2026-07-27,Tomato,Coimbatore,240.5
2026-07-28,Tomato,Coimbatore,270.7
2026-07-29,Tomato,Coimbatore,261.1
2026-07-30,Tomato,Coimbatore,250.8
2026-07-31,Tomato,Coimbatore,367.5
2026-08-01,Tomato,Coimbatore,348.2
2026-08-02,Tomato,Coimbatore,270.3
2026-08-03,Tomato,Coimbatore,280.7
2026-08-04,Tomato,Coimbatore,266.3
2026-08-05,Tomato,Coimbatore,272.6
2026-08-06,Tomato,Coimbatore,277.4
2026-08-07,Tomato,Coimbatore,352.5
2026-08-08,Tomato,Coimbatore,347.5
2026-08-09,Tomato,Coimbatore,290.1
2026-08-10,Tomato,Coimbatore,281.4
2026-08-11,Tomato,Coimbatore,260.9
2026-08-12,Tomato,Coimbatore,248.0
2026-08-13,Tomato,Coimbatore,270.7
2026-08-14,Tomato,Coimbatore,341.9
2026-08-15,Tomato,Coimbatore,363.6
2026-08-16,Tomato,Coimbatore,274.3
2026-08-17,Tomato,Coimbatore,270.4
2026-08-18,Tomato,Coimbatore,258.6
2026-08-19,Tomato,Coimbatore,244.8
2026-08-20,Tomato,Coimbatore,254.4
2026-08-21,Tomato,Coimbatore,341.1
2026-08-22,Tomato,Coimbatore,307.4
2026-08-23,Tomato,Coimbatore,274.6
2026-08-24,Tomato,Coimbatore,286.5
2026-08-25,Tomato,Coimbatore,225.9
2026-08-26,Tomato,Coimbatore,233.6
2026-08-27,Tomato,Coimbatore,257.6
2026-03-01,Tomato,Madurai,361.3
2026-03-02,Tomato,Madurai,316.8
2026-03-03,Tomato,Madurai,323.0
2026-03-04,Tomato,Madurai,328.9
2026-03-05,Tomato,Madurai,333.7
2026-03-06,Tomato,Madurai,435.0
2026-03-07,Tomato,Madurai,436.1
2026-03-08,Tomato,Madurai,325.7
2026-03-09,Tomato,Madurai,338.2
2026-03-10,Tomato,Madurai,325.6
2026-03-11,Tomato,Madurai,337.4
2026-03-12,Tomato,Madurai,336.4
2026-03-13,Tomato,Madurai,439.4
2026-03-14,Tomato,Madurai,437.8
2026-03-15,Tomato,Madurai,323.0
2026-03-16,Tomato,Madurai,336.8
2026-03-17,Tomato,Madurai,339.9
2026-03-18,Tomato,Madurai,310.9
2026-03-19,Tomato,Madurai,326.3
2026-03-20,Tomato,Madurai,438.9
2026-03-21,Tomato,Madurai,455.6
2026-03-22,Tomato,Madurai,343.3
2026-03-23,Tomato,Madurai,357.6
2026-03-24,Tomato,Madurai,325.1
2026-03-25,Tomato,Madurai,335.0
2026-03-26,Tomato,Madurai,343.4
2026-03-27,Tomato,Madurai,395.9
2026-03-28,Tomato,Madurai,453.5
2026-03-29,Tomato,Madurai,303.6
2026-03-30,Tomato,Madurai,346.5
2026-03-31,Tomato,Madurai,341.9
2026-04-01,Tomato,Madurai,296.5
2026-04-02,Tomato,Madurai,297.2
2026-04-03,Tomato,Madurai,452.5
2026-04-04,Tomato,Madurai,449.2
2026-04-05,Tomato,Madurai,318.3
2026-04-06,Tomato,Madurai,318.2
2026-04-07,Tomato,Madurai,339.0
2026-04-08,Tomato,Madurai,331.1
2026-04-09,Tomato,Madurai,347.0
2026-04-10,Tomato,Madurai,437.6
2026-04-11,Tomato,Madurai,454.0
2026-04-12,Tomato,Madurai,345.4
2026-04-13,Tomato,Madurai,341.5
2026-04-14,Tomato,Madurai,325.2
2026-04-15,Tomato,Madurai,324.0
2026-04-16,Tomato,Madurai,329.4
2026-04-17,Tomato,Madurai,456.6
2026-04-18,Tomato,Madurai,422.6
2026-04-19,Tomato,Madurai,333.5
2026-04-20,Tomato,Madurai,295.7
2026-04-21,Tomato,Madurai,339.2
2026-04-22,Tomato,Madurai,362.7
2026-04-23,Tomato,Madurai,314.6
2026-04-24,Tomato,Madurai,474.4
2026-04-25,Tomato,Madurai,429.1
2026-04-26,Tomato,Madurai,289.1
2026-04-27,Tomato,Madurai,321.6
2026-04-28,Tomato,Madurai,347.0
2026-04-29,Tomato,Madurai,356.7
2026-04-30,Tomato,Madurai,337.1
2026-05-01,Tomato,Madurai,447.3
2026-05-02,Tomato,Madurai,405.7
2026-05-03,Tomato,Madurai,315.1
2026-05-04,Tomato,Madurai,299.7
2026-05-05,Tomato,Madurai,315.4
2026-05-06,Tomato,Madurai,335.5
2026-05-07,Tomato,Madurai,326.8
2026-05-08,Tomato,Madurai,433.2
2026-05-09,Tomato,Madurai,405.5
2026-05-10,Tomato,Madurai,309.2
2026-05-11,Tomato,Madurai,324.9
2026-05-12,Tomato,Madurai,312.3
2026-05-13,Tomato,Madurai,340.4
2026-05-14,Tomato,Madurai,311.0
2026-05-15,Tomato,Madurai,408.4
2026-05-16,Tomato,Madurai,421.4
2026-05-17,Tomato,Madurai,313.0
2026-05-18,Tomato,Madurai,299.8
2026-05-19,Tomato,Madurai,301.3
2026-05-20,Tomato,Madurai,325.3
2026-05-21,Tomato,Madurai,296.3
2026-05-22,Tomato,Madurai,431.9
2026-05-23,Tomato,Madurai,399.8
2026-05-24,Tomato,Madurai,324.2
2026-05-25,Tomato,Madurai,304.9
2026-05-26,Tomato,Madurai,300.0
2026-05-27,Tomato,Madurai,316.8
2026-05-28,Tomato,Madurai,328.3
2026-05-29,Tomato,Madurai,401.7
2026-05-30,Tomato,Madurai,403.7
2026-05-31,Tomato,Madurai,322.7
2026-06-01,Tomato,Madurai,322.6
2026-06-02,Tomato,Madurai,308.8
2026-06-03,Tomato,Madurai,302.0
2026-06-04,Tomato,Madurai,309.3
2026-06-05,Tomato,Madurai,396.7
2026-06-06,Tomato,Madurai,403.4
2026-06-07,Tomato,Madurai,288.1
2026-06-08,Tomato,Madurai,309.5
2026-06-09,Tomato,Madurai,293.9
2026-06-10,Tomato,Madurai,317.5
2026-06-11,Tomato,Madurai,293.2
2026-06-12,Tomato,Madurai,383.5
2026-06-13,Tomato,Madurai,399.1
2026-06-14,Tomato,Madurai,301.4
2026-06-15,Tomato,Madurai,334.6
2026-06-16,Tomato,Madurai,275.3
2026-06-17,Tomato,Madurai,300.6
2026-06-18,Tomato,Madurai,315.2
2026-06-19,Tomato,Madurai,378.1
2026-06-20,Tomato,Madurai,372.2
2026-06-21,Tomato,Madurai,283.0
2026-06-22,Tomato,Madurai,271.2
2026-06-23,Tomato,Madurai,314.9
2026-06-24,Tomato,Madurai,288.9
2026-06-25,Tomato,Madurai,286.4
2026-06-26,Tomato,Madurai,348.3
2026-06-27,Tomato,Madurai,357.7
2026-06-28,Tomato,Madurai,312.9
2026-06-29,Tomato,Madurai,294.7
2026-06-30,Tomato,Madurai,306.9
2026-07-01,Tomato,Madurai,304.3
2026-07-02,Tomato,Madurai,272.9
2026-07-03,Tomato,Madurai,409.8
2026-07-04,Tomato,Madurai,401.6
2026-07-05,Tomato,Madurai,277.3
2026-07-06,Tomato,Madurai,231.4
2026-07-07,Tomato,Madurai,278.9
2026-07-08,Tomato,Madurai,287.1
2026-07-09,Tomato,Madurai,274.2
2026-07-10,Tomato,Madurai,363.3
2026-07-11,Tomato,Madurai,353.2
2026-07-12,Tomato,Madurai,294.4
2026-07-13,Tomato,Madurai,280.8
2026-07-14,Tomato,Madurai,293.4
2026-07-15,Tomato,Madurai,296.7
2026-07-16,Tomato,Madurai,245.0
2026-07-17,Tomato,Madurai,348.4
2026-07-18,Tomato,Madurai,349.7
2026-07-19,Tomato,Madurai,314.1
2026-07-20,Tomato,Madurai,277.0
2026-07-21,Tomato,Madurai,286.3
2026-07-22,Tomato,Madurai,245.2
2026-07-23,Tomato,Madurai,274.8
2026-07-24,Tomato,Madurai,368.2
2026-07-25,Tomato,Madurai,365.6
2026-07-26,Tomato,Madurai,280.0
2026-07-27,Tomato,Madurai,270.1
2026-07-28,Tomato,Madurai,270.2
2026-07-29,Tomato,Madurai,243.2
2026-07-30,Tomato,Madurai,254.4
2026-07-31,Tomato,Madurai,350.9
2026-08-01,Tomato,Madurai,335.9
2026-08-02,Tomato,Madurai,276.3
2026-08-03,Tomato,Madurai,272.4
2026-08-04,Tomato,Madurai,285.2
2026-08-05,Tomato,Madurai,278.5
2026-08-06,Tomato,Madurai,266.9
2026-08-07,Tomato,Madurai,353.0
2026-08-08,Tomato,Madurai,356.1
2026-08-09,Tomato,Madurai,254.1
2026-08-10,Tomato,Madurai,256.2
2026-08-11,Tomato,Madurai,259.1
2026-08-12,Tomato,Madurai,252.8
2026-08-13,Tomato,Madurai,274.7
2026-08-14,Tomato,Madurai,327.1
2026-08-15,Tomato,Madurai,354.6
2026-08-16,Tomato,Madurai,252.3
2026-08-17,Tomato,Madurai,264.4
2026-08-18,Tomato,Madurai,259.3
2026-08-19,Tomato,Madurai,241.6
2026-08-20,Tomato,Madurai,255.5
2026-08-21,Tomato,Madurai,336.9
2026-08-22,Tomato,Madurai,330.3
2026-08-23,Tomato,Madurai,234.2
2026-08-24,Tomato,Madurai,279.4
2026-08-25,Tomato,Madurai,254.8
2026-08-26,Tomato,Madurai,241.1
2026-08-27,Tomato,Madurai,276.9
2026-03-01,Tomato,Trichy,220.3
2026-03-02,Tomato,Trichy,263.4
2026-03-03,Tomato,Trichy,252.4
2026-03-04,Tomato,Trichy,253.4
2026-03-05,Tomato,Trichy,238.2
2026-03-06,Tomato,Trichy,327.3
2026-03-07,Tomato,Trichy,307.7
2026-03-08,Tomato,Trichy,257.4
2026-03-09,Tomato,Trichy,235.0
2026-03-10,Tomato,Trichy,227.3
2026-03-11,Tomato,Trichy,264.8
2026-03-12,Tomato,Trichy,237.5
2026-03-13,Tomato,Trichy,296.0
2026-03-14,Tomato,Trichy,296.0
2026-03-15,Tomato,Trichy,224.8
2026-03-16,Tomato,Trichy,251.2
2026-03-17,Tomato,Trichy,237.2
2026-03-18,Tomato,Trichy,273.3
2026-03-19,Tomato,Trichy,256.7
2026-03-20,Tomato,Trichy,314.6
2026-03-21,Tomato,Trichy,332.0
2026-03-22,Tomato,Trichy,231.8
2026-03-23,Tomato,Trichy,211.5
2026-03-24,Tomato,Trichy,224.6
2026-03-25,Tomato,Trichy,241.7
2026-03-26,Tomato,Trichy,236.2
2026-03-27,Tomato,Trichy,323.9
2026-03-28,Tomato,Trichy,309.7
2026-03-29,Tomato,Trichy,250.9
2026-03-30,Tomato,Trichy,262.2
2026-03-31,Tomato,Trichy,237.8
2026-04-01,Tomato,Trichy,248.1
2026-04-02,Tomato,Trichy,213.4
2026-04-03,Tomato,Trichy,309.8
2026-04-04,Tomato,Trichy,293.1
2026-04-05,Tomato,Trichy,241.8
2026-04-06,Tomato,Trichy,243.2
2026-04-07,Tomato,Trichy,243.1
2026-04-08,Tomato,Trichy,232.3
2026-04-09,Tomato,Trichy,273.9
2026-04-10,Tomato,Trichy,292.2
2026-04-11,Tomato,Trichy,291.1
2026-04-12,Tomato,Trichy,264.0
2026-04-13,Tomato,Trichy,228.5
2026-04-14,Tomato,Trichy,224.8
2026-04-15,Tomato,Trichy,273.4
2026-04-16,Tomato,Trichy,253.5
2026-04-17,Tomato,Trichy,301.3
2026-04-18,Tomato,Trichy,313.2
2026-04-19,Tomato,Trichy,267.5
2026-04-20,Tomato,Trichy,248.5
2026-04-21,Tomato,Trichy,257.2
2026-04-22,Tomato,Trichy,249.8
2026-04-23,Tomato,Trichy,251.5
2026-04-24,Tomato,Trichy,309.2
2026-04-25,Tomato,Trichy,308.5
2026-04-26,Tomato,Trichy,240.9
2026-04-27,Tomato,Trichy,247.7
2026-04-28,Tomato,Trichy,232.2
2026-04-29,Tomato,Trichy,238.1
2026-04-30,Tomato,Trichy,231.3
2026-05-01,Tomato,Trichy,308.2
2026-05-02,Tomato,Trichy,287.3
2026-05-03,Tomato,Trichy,274.3
2026-05-04,Tomato,Trichy,223.9
2026-05-05,Tomato,Trichy,229.2
2026-05-06,Tomato,Trichy,222.0
2026-05-07,Tomato,Trichy,243.2
2026-05-08,Tomato,Trichy,300.8
2026-05-09,Tomato,Trichy,288.9
2026-05-10,Tomato,Trichy,242.9
2026-05-11,Tomato,Trichy,244.6
2026-05-12,Tomato,Trichy,231.3
2026-05-13,Tomato,Trichy,222.0
2026-05-14,Tomato,Trichy,264.5
2026-05-15,Tomato,Trichy,305.8
2026-05-16,Tomato,Trichy,281.1
2026-05-17,Tomato,Trichy,251.7
2026-05-18,Tomato,Trichy,217.3
2026-05-19,Tomato,Trichy,270.9
2026-05-20,Tomato,Trichy,230.5
2026-05-21,Tomato,Trichy,244.1
2026-05-22,Tomato,Trichy,265.9
2026-05-23,Tomato,Trichy,277.3
2026-05-24,Tomato,Trichy,247.7
2026-05-25,Tomato,Trichy,232.0
2026-05-26,Tomato,Trichy,257.5
2026-05-27,Tomato,Trichy,233.7
2026-05-28,Tomato,Trichy,228.1
2026-05-29,Tomato,Trichy,318.9
2026-05-30,Tomato,Trichy,307.7
2026-05-31,Tomato,Trichy,221.7
2026-06-01,Tomato,Trichy,207.7
2026-06-02,Tomato,Trichy,188.1
2026-06-03,Tomato,Trichy,216.6
2026-06-04,Tomato,Trichy,204.9
2026-06-05,Tomato,Trichy,327.9
2026-06-06,Tomato,Trichy,278.5
2026-06-07,Tomato,Trichy,211.1
2026-06-08,Tomato,Trichy,198.0
2026-06-09,Tomato,Trichy,216.3
2026-06-10,Tomato,Trichy,209.8
2026-06-11,Tomato,Trichy,245.3
2026-06-12,Tomato,Trichy,286.9
2026-06-13,Tomato,Trichy,283.6
2026-06-14,Tomato,Trichy,215.7
2026-06-15,Tomato,Trichy,229.0
2026-06-16,Tomato,Trichy,209.9
2026-06-17,Tomato,Trichy,226.2
2026-06-18,Tomato,Trichy,239.9
2026-06-19,Tomato,Trichy,286.6
2026-06-20,Tomato,Trichy,275.3
2026-06-21,Tomato,Trichy,199.8
2026-06-22,Tomato,Trichy,209.4
2026-06-23,Tomato,Trichy,221.5
2026-06-24,Tomato,Trichy,189.5
2026-06-25,Tomato,Trichy,224.4
2026-06-26,Tomato,Trichy,278.0
2026-06-27,Tomato,Trichy,271.9
2026-06-28,Tomato,Trichy,200.5
2026-06-29,Tomato,Trichy,202.7
2026-06-30,Tomato,Trichy,218.2
2026-07-01,Tomato,Trichy,206.8
2026-07-02,Tomato,Trichy,200.7
2026-07-03,Tomato,Trichy,277.0
2026-07-04,Tomato,Trichy,276.9
2026-07-05,Tomato,Trichy,187.8
2026-07-06,Tomato,Trichy,214.6
2026-07-07,Tomato,Trichy,243.0
2026-07-08,Tomato,Trichy,212.0
2026-07-09,Tomato,Trichy,179.0
2026-07-10,Tomato,Trichy,267.7
2026-07-11,Tomato,Trichy,236.9
2026-07-12,Tomato,Trichy,250.4
2026-07-13,Tomato,Trichy,235.8
2026-07-14,Tomato,Trichy,191.8
2026-07-15,Tomato,Trichy,167.6
2026-07-16,Tomato,Trichy,187.6
2026-07-17,Tomato,Trichy,257.6
2026-07-18,Tomato,Trichy,233.2
2026-07-19,Tomato,Trichy,198.1
2026-07-20,Tomato,Trichy,195.9
2026-07-21,Tomato,Trichy,200.0
2026-07-22,Tomato,Trichy,201.1
2026-07-23,Tomato,Trichy,182.7
2026-07-24,Tomato,Trichy,242.8
2026-07-25,Tomato,Trichy,255.7
2026-07-26,Tomato,Trichy,186.2
2026-07-27,Tomato,Trichy,208.8
2026-07-28,Tomato,Trichy,195.2
2026-07-29,Tomato,Trichy,222.2
2026-07-30,Tomato,Trichy,206.0
2026-07-31,Tomato,Trichy,267.8
2026-08-01,Tomato,Trichy,252.6
2026-08-02,Tomato,Trichy,194.7
2026-08-03,Tomato,Trichy,217.8
2026-08-04,Tomato,Trichy,185.7
2026-08-05,Tomato,Trichy,199.2
2026-08-06,Tomato,Trichy,186.5
2026-08-07,Tomato,Trichy,243.1
2026-08-08,Tomato,Trichy,229.0
2026-08-09,Tomato,Trichy,178.1
2026-08-10,Tomato,Trichy,174.9
2026-08-11,Tomato,Trichy,197.3
2026-08-12,Tomato,Trichy,203.6
2026-08-13,Tomato,Trichy,186.2
2026-08-14,Tomato,Trichy,246.8
2026-08-15,Tomato,Trichy,240.5
2026-08-16,Tomato,Trichy,174.2
2026-08-17,Tomato,Trichy,199.0
2026-08-18,Tomato,Trichy,195.4
2026-08-19,Tomato,Trichy,156.9
2026-08-20,Tomato,Trichy,180.7
2026-08-21,Tomato,Trichy,226.7
2026-08-22,Tomato,Trichy,233.6
2026-08-23,Tomato,Trichy,173.8
2026-08-24,Tomato,Trichy,182.9
2026-08-25,Tomato,Trichy,178.3
2026-08-26,Tomato,Trichy,177.7
2026-08-27,Tomato,Trichy,199.2
2026-03-01,Tomato,Salem,239.4
2026-03-02,Tomato,Salem,238.3
2026-03-03,Tomato,Salem,236.2
2026-03-04,Tomato,Salem,219.3
2026-03-05,Tomato,Salem,240.2
2026-03-06,Tomato,Salem,312.5
2026-03-07,Tomato,Salem,287.7
2026-03-08,Tomato,Salem,228.9
2026-03-09,Tomato,Salem,260.1
2026-03-10,Tomato,Salem,218.9
2026-03-11,Tomato,Salem,204.6
2026-03-12,Tomato,Salem,251.1
2026-03-13,Tomato,Salem,316.7
2026-03-14,Tomato,Salem,293.0
2026-03-15,Tomato,Salem,229.1
2026-03-16,Tomato,Salem,212.6
2026-03-17,Tomato,Salem,232.4
2026-03-18,Tomato,Salem,248.7
2026-03-19,Tomato,Salem,223.2
2026-03-20,Tomato,Salem,314.1
2026-03-21,Tomato,Salem,308.0
2026-03-22,Tomato,Salem,240.3
2026-03-23,Tomato,Salem,224.5
2026-03-24,Tomato,Salem,226.5
2026-03-25,Tomato,Salem,204.2
2026-03-26,Tomato,Salem,223.5
2026-03-27,Tomato,Salem,319.1
2026-03-28,Tomato,Salem,287.7
2026-03-29,Tomato,Salem,220.4
2026-03-30,Tomato,Salem,241.7
2026-03-31,Tomato,Salem,238.2
2026-04-01,Tomato,Salem,242.5
2026-04-02,Tomato,Salem,214.7
2026-04-03,Tomato,Salem,340.2
2026-04-04,Tomato,Salem,283.5
2026-04-05,Tomato,Salem,234.4
2026-04-06,Tomato,Salem,229.7
2026-04-07,Tomato,Salem,214.2
2026-04-08,Tomato,Salem,226.4
2026-04-09,Tomato,Salem,232.2
2026-04-10,Tomato,Salem,291.6
2026-04-11,Tomato,Salem,315.3
2026-04-12,Tomato,Salem,229.2
2026-04-13,Tomato,Salem,211.4
2026-04-14,Tomato,Salem,210.0
2026-04-15,Tomato,Salem,240.4
2026-04-16,Tomato,Salem,208.9
2026-04-17,Tomato,Salem,305.1
2026-04-18,Tomato,Salem,306.8
2026-04-19,Tomato,Salem,215.8
2026-04-20,Tomato,Salem,243.9
2026-04-21,Tomato,Salem,204.6
2026-04-22,Tomato,Salem,234.7
2026-04-23,Tomato,Salem,229.4
2026-04-24,Tomato,Salem,297.0
2026-04-25,Tomato,Salem,280.9
2026-04-26,Tomato,Salem,215.4
2026-04-27,Tomato,Salem,253.5
2026-04-28,Tomato,Salem,247.2
2026-04-29,Tomato,Salem,239.9
2026-04-30,Tomato,Salem,242.6
2026-05-01,Tomato,Salem,309.4
2026-05-02,Tomato,Salem,291.6
2026-05-03,Tomato,Salem,228.5
2026-05-04,Tomato,Salem,205.4
2026-05-05,Tomato,Salem,225.8
2026-05-06,Tomato,Salem,244.6
2026-05-07,Tomato,Salem,216.7
2026-05-08,Tomato,Salem,309.5
2026-05-09,Tomato,Salem,295.1
2026-05-10,Tomato,Salem,204.9
2026-05-11,Tomato,Salem,208.7
2026-05-12,Tomato,Salem,238.8
2026-05-13,Tomato,Salem,232.9
2026-05-14,Tomato,Salem,225.8
2026-05-15,Tomato,Salem,287.0
2026-05-16,Tomato,Salem,293.8
2026-05-17,Tomato,Salem,236.4
2026-05-18,Tomato,Salem,245.0
2026-05-19,Tomato,Salem,245.3
2026-05-20,Tomato,Salem,227.7
2026-05-21,Tomato,Salem,219.1
2026-05-22,Tomato,Salem,289.9
2026-05-23,Tomato,Salem,295.0
2026-05-24,Tomato,Salem,228.3
2026-05-25,Tomato,Salem,239.7
2026-05-26,Tomato,Salem,251.4
2026-05-27,Tomato,Salem,216.2
2026-05-28,Tomato,Salem,251.2
2026-05-29,Tomato,Salem,301.5
2026-05-30,Tomato,Salem,281.8
2026-05-31,Tomato,Salem,240.0
2026-06-01,Tomato,Salem,242.3
2026-06-02,Tomato,Salem,209.7
2026-06-03,Tomato,Salem,242.1
2026-06-04,Tomato,Salem,231.8
2026-06-05,Tomato,Salem,315.3
2026-06-06,Tomato,Salem,272.8
2026-06-07,Tomato,Salem,209.0
2026-06-08,Tomato,Salem,183.4
2026-06-09,Tomato,Salem,221.9
2026-06-10,Tomato,Salem,218.5
2026-06-11,Tomato,Salem,203.9
2026-06-12,Tomato,Salem,274.2
2026-06-13,Tomato,Salem,255.1
2026-06-14,Tomato,Salem,228.8
2026-06-15,Tomato,Salem,203.0
2026-06-16,Tomato,Salem,256.3
2026-06-17,Tomato,Salem,206.7
2026-06-18,Tomato,Salem,197.4
2026-06-19,Tomato,Salem,264.7
2026-06-20,Tomato,Salem,249.0
2026-06-21,Tomato,Salem,214.5
2026-06-22,Tomato,Salem,200.5
2026-06-23,Tomato,Salem,223.3
2026-06-24,Tomato,Salem,201.6
2026-06-25,Tomato,Salem,226.0
2026-06-26,Tomato,Salem,277.5
2026-06-27,Tomato,Salem,265.9
2026-06-28,Tomato,Salem,227.4
2026-06-29,Tomato,Salem,217.5
2026-06-30,Tomato,Salem,246.8
2026-07-01,Tomato,Salem,196.0
2026-07-02,Tomato,Salem,202.8
2026-07-03,Tomato,Salem,284.9
2026-07-04,Tomato,Salem,237.6
2026-07-05,Tomato,Salem,219.8
2026-07-06,Tomato,Salem,206.1
2026-07-07,Tomato,Salem,185.7
2026-07-08,Tomato,Salem,178.0
2026-07-09,Tomato,Salem,187.9
2026-07-10,Tomato,Salem,222.4
2026-07-11,Tomato,Salem,248.7
2026-07-12,Tomato,Salem,205.8
2026-07-13,Tomato,Salem,188.8
2026-07-14,Tomato,Salem,216.2
2026-07-15,Tomato,Salem,219.8
2026-07-16,Tomato,Salem,213.5
2026-07-17,Tomato,Salem,255.5
2026-07-18,Tomato,Salem,216.5
2026-07-19,Tomato,Salem,182.3
2026-07-20,Tomato,Salem,190.3
2026-07-21,Tomato,Salem,178.5
2026-07-22,Tomato,Salem,189.3
2026-07-23,Tomato,Salem,215.1
2026-07-24,Tomato,Salem,222.9
2026-07-25,Tomato,Salem,274.1
2026-07-26,Tomato,Salem,202.7
2026-07-27,Tomato,Salem,193.0
2026-07-28,Tomato,Salem,177.8
2026-07-29,Tomato,Salem,175.0
2026-07-30,Tomato,Salem,163.2
2026-07-31,Tomato,Salem,269.0
2026-08-01,Tomato,Salem,265.8
2026-08-02,Tomato,Salem,165.1
2026-08-03,Tomato,Salem,177.5
2026-08-04,Tomato,Salem,191.9
2026-08-05,Tomato,Salem,180.4
2026-08-06,Tomato,Salem,155.7
2026-08-07,Tomato,Salem,229.4
2026-08-08,Tomato,Salem,268.0
2026-08-09,Tomato,Salem,174.4
2026-08-10,Tomato,Salem,180.4
2026-08-11,Tomato,Salem,165.3
2026-08-12,Tomato,Salem,190.8
2026-08-13,Tomato,Salem,183.4
2026-08-14,Tomato,Salem,224.5
2026-08-15,Tomato,Salem,215.6
2026-08-16,Tomato,Salem,201.6
2026-08-17,Tomato,Salem,156.1
2026-08-18,Tomato,Salem,187.3
2026-08-19,Tomato,Salem,147.1
2026-08-20,Tomato,Salem,189.7
2026-08-21,Tomato,Salem,246.9
2026-08-22,Tomato,Salem,248.3
2026-08-23,Tomato,Salem,175.7
2026-08-24,Tomato,Salem,201.5
2026-08-25,Tomato,Salem,212.1
2026-08-26,Tomato,Salem,172.3
2026-08-27,Tomato,Salem,170.1
2026-03-01,Onion,Chennai,109.1
2026-03-02,Onion,Chennai,110.5
2026-03-03,Onion,Chennai,144.4
2026-03-04,Onion,Chennai,130.4
2026-03-05,Onion,Chennai,111.7
2026-03-06,Onion,Chennai,117.9
2026-03-07,Onion,Chennai,131.8
2026-03-08,Onion,Chennai,126.8
2026-03-09,Onion,Chennai,87.6
2026-03-10,Onion,Chennai,123.9
2026-03-11,Onion,Chennai,103.6
2026-03-12,Onion,Chennai,121.1
2026-03-13,Onion,Chennai,156.7
2026-03-14,Onion,Chennai,157.6
2026-03-15,Onion,Chennai,114.0
2026-03-16,Onion,Chennai,113.6
2026-03-17,Onion,Chennai,109.3
2026-03-18,Onion,Chennai,127.4
2026-03-19,Onion,Chennai,132.3
2026-03-20,Onion,Chennai,138.1
2026-03-21,Onion,Chennai,155.7
2026-03-22,Onion,Chennai,123.3
2026-03-23,Onion,Chennai,123.2
2026-03-24,Onion,Chennai,123.0
2026-03-25,Onion,Chennai,114.5
2026-03-26,Onion,Chennai,124.7
2026-03-27,Onion,Chennai,166.0
2026-03-28,Onion,Chennai,158.9
2026-03-29,Onion,Chennai,128.2
2026-03-30,Onion,Chennai,135.5
2026-03-31,Onion,Chennai,92.9
2026-04-01,Onion,Chennai,134.8
2026-04-02,Onion,Chennai,125.8
2026-04-03,Onion,Chennai,140.1
2026-04-04,Onion,Chennai,168.8
2026-04-05,Onion,Chennai,114.6
2026-04-06,Onion,Chennai,116.6
2026-04-07,Onion,Chennai,112.9
2026-04-08,Onion,Chennai,125.1
2026-04-09,Onion,Chennai,108.7
2026-04-10,Onion,Chennai,170.1
2026-04-11,Onion,Chennai,154.5
2026-04-12,Onion,Chennai,114.9
2026-04-13,Onion,Chennai,131.6
2026-04-14,Onion,Chennai,115.5
2026-04-15,Onion,Chennai,134.4
2026-04-16,Onion,Chennai,134.8
2026-04-17,Onion,Chennai,136.1
2026-04-18,Onion,Chennai,172.6
2026-04-19,Onion,Chennai,98.0
2026-04-20,Onion,Chennai,137.4
2026-04-21,Onion,Chennai,150.2
2026-04-22,Onion,Chennai,132.8
2026-04-23,Onion,Chennai,87.2
2026-04-24,Onion,Chennai,171.2
2026-04-25,Onion,Chennai,188.8
2026-04-26,Onion,Chennai,114.7
2026-04-27,Onion,Chennai,118.6
2026-04-28,Onion,Chennai,101.2
2026-04-29,Onion,Chennai,123.6
2026-04-30,Onion,Chennai,137.8
2026-05-01,Onion,Chennai,164.7
2026-05-02,Onion,Chennai,201.2
2026-05-03,Onion,Chennai,118.8
2026-05-04,Onion,Chennai,93.7
2026-05-05,Onion,Chennai,120.6
2026-05-06,Onion,Chennai,81.7
2026-05-07,Onion,Chennai,109.7
2026-05-08,Onion,Chennai,177.2
2026-05-09,Onion,Chennai,157.5
2026-05-10,Onion,Chennai,119.9
2026-05-11,Onion,Chennai,144.4
2026-05-12,Onion,Chennai,112.9
2026-05-13,Onion,Chennai,135.7
2026-05-14,Onion,Chennai,118.5
2026-05-15,Onion,Chennai,157.0
2026-05-16,Onion,Chennai,132.8
2026-05-17,Onion,Chennai,108.8
2026-05-18,Onion,Chennai,94.8
2026-05-19,Onion,Chennai,114.2
2026-05-20,Onion,Chennai,121.3
2026-05-21,Onion,Chennai,98.6
2026-05-22,Onion,Chennai,180.2
2026-05-23,Onion,Chennai,153.4
2026-05-24,Onion,Chennai,115.4
2026-05-25,Onion,Chennai,125.9
2026-05-26,Onion,Chennai,101.7
2026-05-27,Onion,Chennai,116.4
2026-05-28,Onion,Chennai,102.9
2026-05-29,Onion,Chennai,170.9
2026-05-30,Onion,Chennai,131.3
2026-05-31,Onion,Chennai,114.0
2026-06-01,Onion,Chennai,117.7
2026-06-02,Onion,Chennai,118.5
2026-06-03,Onion,Chennai,103.6
2026-06-04,Onion,Chennai,98.6
2026-06-05,Onion,Chennai,136.9
2026-06-06,Onion,Chennai,153.0
2026-06-07,Onion,Chennai,109.2
2026-06-08,Onion,Chennai,123.0
2026-06-09,Onion,Chennai,118.0
2026-06-10,Onion,Chennai,76.4
2026-06-11,Onion,Chennai,114.0
2026-06-12,Onion,Chennai,176.9
2026-06-13,Onion,Chennai,162.6
2026-06-14,Onion,Chennai,115.9
2026-06-15,Onion,Chennai,93.4
2026-06-16,Onion,Chennai,116.2
2026-06-17,Onion,Chennai,119.9
2026-06-18,Onion,Chennai,104.7
2026-06-19,Onion,Chennai,145.5
2026-06-20,Onion,Chennai,163.0
2026-06-21,Onion,Chennai,94.9
2026-06-22,Onion,Chennai,91.6
2026-06-23,Onion,Chennai,117.6
2026-06-24,Onion,Chennai,113.8
2026-06-25,Onion,Chennai,122.1
2026-06-26,Onion,Chennai,146.8
2026-06-27,Onion,Chennai,129.4
2026-06-28,Onion,Chennai,112.3
2026-06-29,Onion,Chennai,88.4
2026-06-30,Onion,Chennai,101.5
2026-07-01,Onion,Chennai,112.6
2026-07-02,Onion,Chennai,99.4
2026-07-03,Onion,Chennai,172.9
2026-07-04,Onion,Chennai,107.1
2026-07-05,Onion,Chennai,95.7
2026-07-06,Onion,Chennai,89.6
2026-07-07,Onion,Chennai,92.9
2026-07-08,Onion,Chennai,93.5
2026-07-09,Onion,Chennai,83.0
2026-07-10,Onion,Chennai,144.7
2026-07-11,Onion,Chennai,124.8
2026-07-12,Onion,Chennai,104.5
2026-07-13,Onion,Chennai,95.3
2026-07-14,Onion,Chennai,91.2
2026-07-15,Onion,Chennai,126.4
2026-07-16,Onion,Chennai,114.9
2026-07-17,Onion,Chennai,102.9
2026-07-18,Onion,Chennai,101.0
2026-07-19,Onion,Chennai,115.9
2026-07-20,Onion,Chennai,92.2
2026-07-21,Onion,Chennai,75.0
2026-07-22,Onion,Chennai,115.1
2026-07-23,Onion,Chennai,101.7
2026-07-24,Onion,Chennai,132.4
2026-07-25,Onion,Chennai,140.5
2026-07-26,Onion,Chennai,78.8
2026-07-27,Onion,Chennai,73.7
2026-07-28,Onion,Chennai,121.7
2026-07-29,Onion,Chennai,76.2
2026-07-30,Onion,Chennai,79.1
2026-07-31,Onion,Chennai,111.1
2026-08-01,Onion,Chennai,157.3
2026-08-02,Onion,Chennai,104.2
2026-08-03,Onion,Chennai,111.0
2026-08-04,Onion,Chennai,99.3
2026-08-05,Onion,Chennai,87.1
2026-08-06,Onion,Chennai,105.3
2026-08-07,Onion,Chennai,101.0
2026-08-08,Onion,Chennai,107.6
2026-08-09,Onion,Chennai,106.2
2026-08-10,Onion,Chennai,74.6
2026-08-11,Onion,Chennai,92.0
2026-08-12,Onion,Chennai,92.4
2026-08-13,Onion,Chennai,86.5
2026-08-14,Onion,Chennai,93.2
2026-08-15,Onion,Chennai,112.8
2026-08-16,Onion,Chennai,81.4
2026-08-17,Onion,Chennai,96.0
2026-08-18,Onion,Chennai,95.1
2026-08-19,Onion,Chennai,98.9
2026-08-20,Onion,Chennai,82.9
2026-08-21,Onion,Chennai,128.6
2026-08-22,Onion,Chennai,97.2
2026-08-23,Onion,Chennai,65.2
2026-08-24,Onion,Chennai,57.3
2026-08-25,Onion,Chennai,84.7
2026-08-26,Onion,Chennai,80.7
2026-08-27,Onion,Chennai,103.7
2026-03-01,Onion,Coimbatore,117.1
2026-03-02,Onion,Coimbatore,114.9
2026-03-03,Onion,Coimbatore,127.3
2026-03-04,Onion,Coimbatore,126.1
2026-03-05,Onion,Coimbatore,123.6
2026-03-06,Onion,Coimbatore,194.7
2026-03-07,Onion,Coimbatore,153.5
2026-03-08,Onion,Coimbatore,115.5
2026-03-09,Onion,Coimbatore,104.3
2026-03-10,Onion,Coimbatore,98.7
2026-03-11,Onion,Coimbatore,103.6
2026-03-12,Onion,Coimbatore,111.2
2026-03-13,Onion,Coimbatore,178.4
2026-03-14,Onion,Coimbatore,159.4
2026-03-15,Onion,Coimbatore,125.2
2026-03-16,Onion,Coimbatore,120.9
2026-03-17,Onion,Coimbatore,127.9
2026-03-18,Onion,Coimbatore,143.5
2026-03-19,Onion,Coimbatore,92.6
2026-03-20,Onion,Coimbatore,177.7
2026-03-21,Onion,Coimbatore,121.7
2026-03-22,Onion,Coimbatore,123.1
2026-03-23,Onion,Coimbatore,155.6
2026-03-24,Onion,Coimbatore,133.0
2026-03-25,Onion,Coimbatore,128.4
2026-03-26,Onion,Coimbatore,152.9
2026-03-27,Onion,Coimbatore,149.2
2026-03-28,Onion,Coimbatore,166.3
2026-03-29,Onion,Coimbatore,131.6
2026-03-30,Onion,Coimbatore,115.1
2026-03-31,Onion,Coimbatore,116.4
2026-04-01,Onion,Coimbatore,114.8
2026-04-02,Onion,Coimbatore,124.3
2026-04-03,Onion,Coimbatore,168.0
2026-04-04,Onion,Coimbatore,161.7
2026-04-05,Onion,Coimbatore,133.6
2026-04-06,Onion,Coimbatore,93.4
2026-04-07,Onion,Coimbatore,119.6
2026-04-08,Onion,Coimbatore,107.5
2026-04-09,Onion,Coimbatore,127.3
2026-04-10,Onion,Coimbatore,163.9
2026-04-11,Onion,Coimbatore,157.8
2026-04-12,Onion,Coimbatore,130.3
2026-04-13,Onion,Coimbatore,137.6
2026-04-14,Onion,Coimbatore,121.7
2026-04-15,Onion,Coimbatore,106.7
2026-04-16,Onion,Coimbatore,98.7
2026-04-17,Onion,Coimbatore,159.6
2026-04-18,Onion,Coimbatore,162.6
2026-04-19,Onion,Coimbatore,107.7
2026-04-20,Onion,Coimbatore,133.0
2026-04-21,Onion,Coimbatore,115.2
2026-04-22,Onion,Coimbatore,97.1
2026-04-23,Onion,Coimbatore,140.7
2026-04-24,Onion,Coimbatore,175.4
2026-04-25,Onion,Coimbatore,127.9
2026-04-26,Onion,Coimbatore,113.1
2026-04-27,Onion,Coimbatore,112.4
2026-04-28,Onion,Coimbatore,145.9
2026-04-29,Onion,Coimbatore,119.7
2026-04-30,Onion,Coimbatore,98.6
2026-05-01,Onion,Coimbatore,170.4
2026-05-02,Onion,Coimbatore,138.5
2026-05-03,Onion,Coimbatore,116.7
2026-05-04,Onion,Coimbatore,108.9
2026-05-05,Onion,Coimbatore,111.9
2026-05-06,Onion,Coimbatore,134.2
2026-05-07,Onion,Coimbatore,142.8
2026-05-08,Onion,Coimbatore,136.7
2026-05-09,Onion,Coimbatore,165.0
2026-05-10,Onion,Coimbatore,108.5
2026-05-11,Onion,Coimbatore,108.8
2026-05-12,Onion,Coimbatore,126.5
2026-05-13,Onion,Coimbatore,103.6
2026-05-14,Onion,Coimbatore,125.9
2026-05-15,Onion,Coimbatore,165.2
2026-05-16,Onion,Coimbatore,147.5
2026-05-17,Onion,Coimbatore,138.1
2026-05-18,Onion,Coimbatore,98.9
2026-05-19,Onion,Coimbatore,138.0
2026-05-20,Onion,Coimbatore,88.5
2026-05-21,Onion,Coimbatore,157.9
2026-05-22,Onion,Coimbatore,146.3
2026-05-23,Onion,Coimbatore,134.7
2026-05-24,Onion,Coimbatore,113.3
2026-05-25,Onion,Coimbatore,100.9
2026-05-26,Onion,Coimbatore,122.1
2026-05-27,Onion,Coimbatore,136.6
2026-05-28,Onion,Coimbatore,101.0
2026-05-29,Onion,Coimbatore,159.0
2026-05-30,Onion,Coimbatore,127.1
2026-05-31,Onion,Coimbatore,130.7
2026-06-01,Onion,Coimbatore,121.2
2026-06-02,Onion,Coimbatore,130.9
2026-06-03,Onion,Coimbatore,112.6
2026-06-04,Onion,Coimbatore,107.7
2026-06-05,Onion,Coimbatore,160.4
2026-06-06,Onion,Coimbatore,128.2
2026-06-07,Onion,Coimbatore,87.3
2026-06-08,Onion,Coimbatore,113.2
2026-06-09,Onion,Coimbatore,107.1
2026-06-10,Onion,Coimbatore,121.0
2026-06-11,Onion,Coimbatore,128.8
2026-06-12,Onion,Coimbatore,153.9
2026-06-13,Onion,Coimbatore,160.7
2026-06-14,Onion,Coimbatore,116.5
2026-06-15,Onion,Coimbatore,118.8
2026-06-16,Onion,Coimbatore,109.4
2026-06-17,Onion,Coimbatore,117.9
2026-06-18,Onion,Coimbatore,113.1
2026-06-19,Onion,Coimbatore,148.3
2026-06-20,Onion,Coimbatore,140.6
2026-06-21,Onion,Coimbatore,121.9
2026-06-22,Onion,Coimbatore,98.9
2026-06-23,Onion,Coimbatore,109.0
2026-06-24,Onion,Coimbatore,128.7
2026-06-25,Onion,Coimbatore,94.5
2026-06-26,Onion,Coimbatore,108.5
2026-06-27,Onion,Coimbatore,146.1
2026-06-28,Onion,Coimbatore,104.0
2026-06-29,Onion,Coimbatore,122.8
2026-06-30,Onion,Coimbatore,105.4
2026-07-01,Onion,Coimbatore,98.0
2026-07-02,Onion,Coimbatore,105.6
2026-07-03,Onion,Coimbatore,154.8
2026-07-04,Onion,Coimbatore,146.7
2026-07-05,Onion,Coimbatore,69.4
2026-07-06,Onion,Coimbatore,108.5
2026-07-07,Onion,Coimbatore,108.9
2026-07-08,Onion,Coimbatore,104.9
2026-07-09,Onion,Coimbatore,95.7
2026-07-10,Onion,Coimbatore,153.9
2026-07-11,Onion,Coimbatore,154.3
2026-07-12,Onion,Coimbatore,71.0
2026-07-13,Onion,Coimbatore,91.8
2026-07-14,Onion,Coimbatore,101.3
2026-07-15,Onion,Coimbatore,117.4
2026-07-16,Onion,Coimbatore,103.5
2026-07-17,Onion,Coimbatore,123.2
2026-07-18,Onion,Coimbatore,143.8
2026-07-19,Onion,Coimbatore,99.0
2026-07-20,Onion,Coimbatore,100.1
2026-07-21,Onion,Coimbatore,101.2
2026-07-22,Onion,Coimbatore,110.0
2026-07-23,Onion,Coimbatore,96.5
2026-07-24,Onion,Coimbatore,141.4
2026-07-25,Onion,Coimbatore,129.7
2026-07-26,Onion,Coimbatore,84.3
2026-07-27,Onion,Coimbatore,99.5
2026-07-28,Onion,Coimbatore,84.6
2026-07-29,Onion,Coimbatore,100.2
2026-07-30,Onion,Coimbatore,111.8
2026-07-31,Onion,Coimbatore,112.7
2026-08-01,Onion,Coimbatore,134.0
2026-08-02,Onion,Coimbatore,86.2
2026-08-03,Onion,Coimbatore,101.4
2026-08-04,Onion,Coimbatore,111.1
2026-08-05,Onion,Coimbatore,66.0
2026-08-06,Onion,Coimbatore,81.0
2026-08-07,Onion,Coimbatore,121.2
2026-08-08,Onion,Coimbatore,131.2
2026-08-09,Onion,Coimbatore,94.6
2026-08-10,Onion,Coimbatore,96.1
2026-08-11,Onion,Coimbatore,127.3
2026-08-12,Onion,Coimbatore,78.2
2026-08-13,Onion,Coimbatore,113.2
2026-08-14,Onion,Coimbatore,119.5
2026-08-15,Onion,Coimbatore,132.8
2026-08-16,Onion,Coimbatore,127.5
2026-08-17,Onion,Coimbatore,105.7
2026-08-18,Onion,Coimbatore,100.8
2026-08-19,Onion,Coimbatore,119.0
2026-08-20,Onion,Coimbatore,111.7
2026-08-21,Onion,Coimbatore,111.1
2026-08-22,Onion,Coimbatore,127.3
2026-08-23,Onion,Coimbatore,68.6
2026-08-24,Onion,Coimbatore,86.0
2026-08-25,Onion,Coimbatore,98.7
2026-08-26,Onion,Coimbatore,84.8
2026-08-27,Onion,Coimbatore,97.8
2026-03-01,Onion,Madurai,123.9
2026-03-02,Onion,Madurai,141.5
2026-03-03,Onion,Madurai,127.6
2026-03-04,Onion,Madurai,115.8
2026-03-05,Onion,Madurai,154.6
2026-03-06,Onion,Madurai,198.2
2026-03-07,Onion,Madurai,172.7
2026-03-08,Onion,Madurai,146.6
2026-03-09,Onion,Madurai,158.1
2026-03-10,Onion,Madurai,146.3
2026-03-11,Onion,Madurai,125.4
2026-03-12,Onion,Madurai,139.9
2026-03-13,Onion,Madurai,206.5
2026-03-14,Onion,Madurai,190.4
2026-03-15,Onion,Madurai,151.8
2026-03-16,Onion,Madurai,148.9
2026-03-17,Onion,Madurai,131.1
2026-03-18,Onion,Madurai,134.7
2026-03-19,Onion,Madurai,149.1
2026-03-20,Onion,Madurai,199.6
2026-03-21,Onion,Madurai,204.0
2026-03-22,Onion,Madurai,131.4
2026-03-23,Onion,Madurai,150.8
2026-03-24,Onion,Madurai,162.2
2026-03-25,Onion,Madurai,129.6
2026-03-26,Onion,Madurai,166.7
2026-03-27,Onion,Madurai,212.4
2026-03-28,Onion,Madurai,227.2
2026-03-29,Onion,Madurai,148.0
2026-03-30,Onion,Madurai,148.1
2026-03-31,Onion,Madurai,156.9
2026-04-01,Onion,Madurai,156.5
2026-04-02,Onion,Madurai,161.4
2026-04-03,Onion,Madurai,199.7
2026-04-04,Onion,Madurai,186.3
2026-04-05,Onion,Madurai,162.8
2026-04-06,Onion,Madurai,128.4
2026-04-07,Onion,Madurai,144.5
2026-04-08,Onion,Madurai,167.9
2026-04-09,Onion,Madurai,125.6
2026-04-10,Onion,Madurai,177.5
2026-04-11,Onion,Madurai,197.6
2026-04-12,Onion,Madurai,150.1
2026-04-13,Onion,Madurai,131.0
2026-04-14,Onion,Madurai,137.9
2026-04-15,Onion,Madurai,126.3
2026-04-16,Onion,Madurai,158.6
2026-04-17,Onion,Madurai,183.2
2026-04-18,Onion,Madurai,213.8
2026-04-19,Onion,Madurai,144.9
2026-04-20,Onion,Madurai,140.3
2026-04-21,Onion,Madurai,138.7
2026-04-22,Onion,Madurai,139.7
2026-04-23,Onion,Madurai,144.9
2026-04-24,Onion,Madurai,223.7
2026-04-25,Onion,Madurai,180.8
2026-04-26,Onion,Madurai,138.3
2026-04-27,Onion,Madurai,143.7
2026-04-28,Onion,Madurai,158.9
2026-04-29,Onion,Madurai,121.1
2026-04-30,Onion,Madurai,149.1
2026-05-01,Onion,Madurai,172.5
2026-05-02,Onion,Madurai,192.9
2026-05-03,Onion,Madurai,134.4
2026-05-04,Onion,Madurai,107.1
2026-05-05,Onion,Madurai,147.0
2026-05-06,Onion,Madurai,146.7
2026-05-07,Onion,Madurai,132.4
2026-05-08,Onion,Madurai,173.6
2026-05-09,Onion,Madurai,163.2
2026-05-10,Onion,Madurai,152.1
2026-05-11,Onion,Madurai,153.5
2026-05-12,Onion,Madurai,126.9
2026-05-13,Onion,Madurai,131.8
2026-05-14,Onion,Madurai,138.7
2026-05-15,Onion,Madurai,215.3
2026-05-16,Onion,Madurai,189.2
2026-05-17,Onion,Madurai,124.8
2026-05-18,Onion,Madurai,143.3
2026-05-19,Onion,Madurai,117.9
2026-05-20,Onion,Madurai,149.1
2026-05-21,Onion,Madurai,163.2
2026-05-22,Onion,Madurai,204.3
2026-05-23,Onion,Madurai,189.8
2026-05-24,Onion,Madurai,128.5
2026-05-25,Onion,Madurai,117.5
2026-05-26,Onion,Madurai,115.8
2026-05-27,Onion,Madurai,94.4
2026-05-28,Onion,Madurai,146.7
2026-05-29,Onion,Madurai,175.2
2026-05-30,Onion,Madurai,190.0
2026-05-31,Onion,Madurai,156.8
2026-06-01,Onion,Madurai,136.6
2026-06-02,Onion,Madurai,137.0
2026-06-03,Onion,Madurai,127.6
2026-06-04,Onion,Madurai,129.1
2026-06-05,Onion,Madurai,185.1
2026-06-06,Onion,Madurai,171.2
2026-06-07,Onion,Madurai,128.6
2026-06-08,Onion,Madurai,132.8
2026-06-09,Onion,Madurai,146.1
2026-06-10,Onion,Madurai,122.1
2026-06-11,Onion,Madurai,131.2
2026-06-12,Onion,Madurai,175.2
2026-06-13,Onion,Madurai,188.5
2026-06-14,Onion,Madurai,127.7
2026-06-15,Onion,Madurai,120.2
2026-06-16,Onion,Madurai,123.4
2026-06-17,Onion,Madurai,146.1
2026-06-18,Onion,Madurai,160.5
2026-06-19,Onion,Madurai,148.9
2026-06-20,Onion,Madurai,151.8
2026-06-21,Onion,Madurai,126.5
2026-06-22,Onion,Madurai,130.4
2026-06-23,Onion,Madurai,140.2
2026-06-24,Onion,Madurai,114.8
2026-06-25,Onion,Madurai,111.9
2026-06-26,Onion,Madurai,167.8
2026-06-27,Onion,Madurai,161.4
2026-06-28,Onion,Madurai,140.7
2026-06-29,Onion,Madurai,133.8
2026-06-30,Onion,Madurai,134.5
2026-07-01,Onion,Madurai,124.3
2026-07-02,Onion,Madurai,160.9
2026-07-03,Onion,Madurai,150.2
2026-07-04,Onion,Madurai,171.5
2026-07-05,Onion,Madurai,105.5
2026-07-06,Onion,Madurai,108.1
2026-07-07,Onion,Madurai,114.8
2026-07-08,Onion,Madurai,148.0
2026-07-09,Onion,Madurai,127.2
2026-07-10,Onion,Madurai,151.0
2026-07-11,Onion,Madurai,165.0
2026-07-12,Onion,Madurai,122.8
2026-07-13,Onion,Madurai,114.6
2026-07-14,Onion,Madurai,100.7
2026-07-15,Onion,Madurai,142.9
2026-07-16,Onion,Madurai,124.2
2026-07-17,Onion,Madurai,189.5
2026-07-18,Onion,Madurai,170.6
2026-07-19,Onion,Madurai,128.4
2026-07-20,Onion,Madurai,113.3
2026-07-21,Onion,Madurai,103.1
2026-07-22,Onion,Madurai,115.9
2026-07-23,Onion,Madurai,102.0
2026-07-24,Onion,Madurai,163.9
2026-07-25,Onion,Madurai,178.2
2026-07-26,Onion,Madurai,114.1
2026-07-27,Onion,Madurai,131.8
2026-07-28,Onion,Madurai,107.0
2026-07-29,Onion,Madurai,112.6
2026-07-30,Onion,Madurai,104.6
2026-07-31,Onion,Madurai,119.5
2026-08-01,Onion,Madurai,150.6
2026-08-02,Onion,Madurai,117.9
2026-08-03,Onion,Madurai,131.7
2026-08-04,Onion,Madurai,127.3
2026-08-05,Onion,Madurai,127.3
2026-08-06,Onion,Madurai,100.3
2026-08-07,Onion,Madurai,155.9
2026-08-08,Onion,Madurai,172.4
2026-08-09,Onion,Madurai,119.8
2026-08-10,Onion,Madurai,141.3
2026-08-11,Onion,Madurai,143.9
2026-08-12,Onion,Madurai,109.3
2026-08-13,Onion,Madurai,102.6
2026-08-14,Onion,Madurai,135.3
2026-08-15,Onion,Madurai,123.7
2026-08-16,Onion,Madurai,104.6
2026-08-17,Onion,Madurai,130.3
2026-08-18,Onion,Madurai,78.9
2026-08-19,Onion,Madurai,96.2
2026-08-20,Onion,Madurai,109.6
2026-08-21,Onion,Madurai,131.5
2026-08-22,Onion,Madurai,136.5
2026-08-23,Onion,Madurai,103.2
2026-08-24,Onion,Madurai,106.8
2026-08-25,Onion,Madurai,99.5
2026-08-26,Onion,Madurai,98.1
2026-08-27,Onion,Madurai,124.1
2026-03-01,Onion,Trichy,77.6
2026-03-02,Onion,Trichy,102.9
2026-03-03,Onion,Trichy,95.7
2026-03-04,Onion,Trichy,109.4
2026-03-05,Onion,Trichy,125.5
2026-03-06,Onion,Trichy,96.4
2026-03-07,Onion,Trichy,129.7
2026-03-08,Onion,Trichy,78.7
2026-03-09,Onion,Trichy,107.4
2026-03-10,Onion,Trichy,91.5
2026-03-11,Onion,Trichy,96.1
2026-03-12,Onion,Trichy,76.5
2026-03-13,Onion,Trichy,118.2
2026-03-14,Onion,Trichy,126.0
2026-03-15,Onion,Trichy,116.3
2026-03-16,Onion,Trichy,84.1
2026-03-17,Onion,Trichy,87.8
2026-03-18,Onion,Trichy,110.3
2026-03-19,Onion,Trichy,83.3
2026-03-20,Onion,Trichy,142.3
2026-03-21,Onion,Trichy,125.0
2026-03-22,Onion,Trichy,100.9
2026-03-23,Onion,Trichy,101.9
2026-03-24,Onion,Trichy,87.2
2026-03-25,Onion,Trichy,102.3
2026-03-26,Onion,Trichy,84.9
2026-03-27,Onion,Trichy,117.9
2026-03-28,Onion,Trichy,133.8
2026-03-29,Onion,Trichy,100.9
2026-03-30,Onion,Trichy,95.4
2026-03-31,Onion,Trichy,77.6
2026-04-01,Onion,Trichy,81.4
2026-04-02,Onion,Trichy,100.7
2026-04-03,Onion,Trichy,136.5
2026-04-04,Onion,Trichy,108.8
2026-04-05,Onion,Trichy,83.9
2026-04-06,Onion,Trichy,98.5
2026-04-07,Onion,Trichy,98.2
2026-04-08,Onion,Trichy,72.1
2026-04-09,Onion,Trichy,98.8
2026-04-10,Onion,Trichy,116.3
2026-04-11,Onion,Trichy,149.9
2026-04-12,Onion,Trichy,100.1
2026-04-13,Onion,Trichy,102.6
2026-04-14,Onion,Trichy,102.9
2026-04-15,Onion,Trichy,78.0
2026-04-16,Onion,Trichy,125.3
2026-04-17,Onion,Trichy,100.5
2026-04-18,Onion,Trichy,136.7
2026-04-19,Onion,Trichy,105.2
2026-04-20,Onion,Trichy,88.7
2026-04-21,Onion,Trichy,105.8
2026-04-22,Onion,Trichy,91.0
2026-04-23,Onion,Trichy,85.5
2026-04-24,Onion,Trichy,131.3
2026-04-25,Onion,Trichy,109.0
2026-04-26,Onion,Trichy,92.0
2026-04-27,Onion,Trichy,86.4
2026-04-28,Onion,Trichy,90.2
2026-04-29,Onion,Trichy,101.6
2026-04-30,Onion,Trichy,86.1
2026-05-01,Onion,Trichy,120.5
2026-05-02,Onion,Trichy,115.7
2026-05-03,Onion,Trichy,116.4
2026-05-04,Onion,Trichy,99.7
2026-05-05,Onion,Trichy,97.8
2026-05-06,Onion,Trichy,104.6
2026-05-07,Onion,Trichy,85.3
2026-05-08,Onion,Trichy,135.2
2026-05-09,Onion,Trichy,127.3
2026-05-10,Onion,Trichy,70.4
2026-05-11,Onion,Trichy,72.3
2026-05-12,Onion,Trichy,85.0
2026-05-13,Onion,Trichy,73.6
2026-05-14,Onion,Trichy,89.7
2026-05-15,Onion,Trichy,105.9
2026-05-16,Onion,Trichy,119.4
2026-05-17,Onion,Trichy,114.0
2026-05-18,Onion,Trichy,91.9
2026-05-19,Onion,Trichy,88.0
2026-05-20,Onion,Trichy,98.2
2026-05-21,Onion,Trichy,81.7
2026-05-22,Onion,Trichy,132.3
2026-05-23,Onion,Trichy,126.8
2026-05-24,Onion,Trichy,92.3
2026-05-25,Onion,Trichy,93.8
2026-05-26,Onion,Trichy,122.0
2026-05-27,Onion,Trichy,105.3
2026-05-28,Onion,Trichy,124.0
2026-05-29,Onion,Trichy,126.0
2026-05-30,Onion,Trichy,95.7
2026-05-31,Onion,Trichy,86.5
2026-06-01,Onion,Trichy,64.7
2026-06-02,Onion,Trichy,98.0
2026-06-03,Onion,Trichy,101.1
2026-06-04,Onion,Trichy,76.4
2026-06-05,Onion,Trichy,106.5
2026-06-06,Onion,Trichy,118.3
2026-06-07,Onion,Trichy,71.1
2026-06-08,Onion,Trichy,69.8
2026-06-09,Onion,Trichy,107.3
2026-06-10,Onion,Trichy,90.2
2026-06-11,Onion,Trichy,79.9
2026-06-12,Onion,Trichy,89.1
2026-06-13,Onion,Trichy,127.0
2026-06-14,Onion,Trichy,77.4
2026-06-15,Onion,Trichy,115.4
2026-06-16,Onion,Trichy,100.1
2026-06-17,Onion,Trichy,74.9
2026-06-18,Onion,Trichy,76.1
2026-06-19,Onion,Trichy,138.4
2026-06-20,Onion,Trichy,111.1
2026-06-21,Onion,Trichy,78.5
2026-06-22,Onion,Trichy,86.4
2026-06-23,Onion,Trichy,78.0
2026-06-24,Onion,Trichy,89.2
2026-06-25,Onion,Trichy,84.2
2026-06-26,Onion,Trichy,123.8
2026-06-27,Onion,Trichy,104.6
2026-06-28,Onion,Trichy,71.4
2026-06-29,Onion,Trichy,79.2
2026-06-30,Onion,Trichy,78.9
2026-07-01,Onion,Trichy,82.9
2026-07-02,Onion,Trichy,93.3
2026-07-03,Onion,Trichy,117.4
2026-07-04,Onion,Trichy,126.4
2026-07-05,Onion,Trichy,71.0
2026-07-06,Onion,Trichy,88.8
2026-07-07,Onion,Trichy,93.7
2026-07-08,Onion,Trichy,72.4
2026-07-09,Onion,Trichy,79.2
2026-07-10,Onion,Trichy,80.5
2026-07-11,Onion,Trichy,120.1
2026-07-12,Onion,Trichy,78.4
2026-07-13,Onion,Trichy,93.6
2026-07-14,Onion,Trichy,84.3
2026-07-15,Onion,Trichy,78.3
2026-07-16,Onion,Trichy,56.9
2026-07-17,Onion,Trichy,83.6
2026-07-18,Onion,Trichy,65.6
2026-07-19,Onion,Trichy,71.8
2026-07-20,Onion,Trichy,114.2
2026-07-21,Onion,Trichy,60.5
2026-07-22,Onion,Trichy,40.1
2026-07-23,Onion,Trichy,93.8
2026-07-24,Onion,Trichy,138.4
2026-07-25,Onion,Trichy,107.1
2026-07-26,Onion,Trichy,83.1
2026-07-27,Onion,Trichy,73.9
2026-07-28,Onion,Trichy,51.5
2026-07-29,Onion,Trichy,56.4
2026-07-30,Onion,Trichy,73.3
2026-07-31,Onion,Trichy,93.5
2026-08-01,Onion,Trichy,99.2
2026-08-02,Onion,Trichy,89.9
2026-08-03,Onion,Trichy,68.5
2026-08-04,Onion,Trichy,89.8
2026-08-05,Onion,Trichy,68.3
2026-08-06,Onion,Trichy,92.3
2026-08-07,Onion,Trichy,100.8
2026-08-08,Onion,Trichy,92.7
2026-08-09,Onion,Trichy,77.2
2026-08-10,Onion,Trichy,71.6
2026-08-11,Onion,Trichy,77.6
2026-08-12,Onion,Trichy,87.1
2026-08-13,Onion,Trichy,74.2
2026-08-14,Onion,Trichy,92.4
2026-08-15,Onion,Trichy,80.9
2026-08-16,Onion,Trichy,83.7
2026-08-17,Onion,Trichy,80.1
2026-08-18,Onion,Trichy,57.0
2026-08-19,Onion,Trichy,87.1
2026-08-20,Onion,Trichy,56.5
2026-08-21,Onion,Trichy,112.1
2026-08-22,Onion,Trichy,106.8
2026-08-23,Onion,Trichy,80.3
2026-08-24,Onion,Trichy,68.3
2026-08-25,Onion,Trichy,82.4
2026-08-26,Onion,Trichy,89.8
2026-08-27,Onion,Trichy,82.4
2026-03-01,Onion,Salem,122.9
2026-03-02,Onion,Salem,107.9
2026-03-03,Onion,Salem,134.1
2026-03-04,Onion,Salem,122.2
2026-03-05,Onion,Salem,95.5
2026-03-06,Onion,Salem,143.5
2026-03-07,Onion,Salem,149.2
2026-03-08,Onion,Salem,143.5
2026-03-09,Onion,Salem,141.0
2026-03-10,Onion,Salem,141.0
2026-03-11,Onion,Salem,124.7
2026-03-12,Onion,Salem,135.0
2026-03-13,Onion,Salem,140.7
2026-03-14,Onion,Salem,158.1
2026-03-15,Onion,Salem,128.4
2026-03-16,Onion,Salem,105.6
2026-03-17,Onion,Salem,124.9
2026-03-18,Onion,Salem,147.1
2026-03-19,Onion,Salem,130.3
2026-03-20,Onion,Salem,172.3
2026-03-21,Onion,Salem,121.8
2026-03-22,Onion,Salem,145.4
2026-03-23,Onion,Salem,119.3
2026-03-24,Onion,Salem,110.6
2026-03-25,Onion,Salem,119.6
2026-03-26,Onion,Salem,99.9
2026-03-27,Onion,Salem,174.6
2026-03-28,Onion,Salem,153.9
2026-03-29,Onion,Salem,111.2
2026-03-30,Onion,Salem,119.8
2026-03-31,Onion,Salem,139.1
2026-04-01,Onion,Salem,124.3
2026-04-02,Onion,Salem,101.2
2026-04-03,Onion,Salem,166.0
2026-04-04,Onion,Salem,145.0
2026-04-05,Onion,Salem,89.9
2026-04-06,Onion,Salem,144.7
2026-04-07,Onion,Salem,129.1
2026-04-08,Onion,Salem,121.0
2026-04-09,Onion,Salem,117.0
2026-04-10,Onion,Salem,179.7
2026-04-11,Onion,Salem,205.0
2026-04-12,Onion,Salem,128.8
2026-04-13,Onion,Salem,106.5
2026-04-14,Onion,Salem,119.6
2026-04-15,Onion,Salem,128.3
2026-04-16,Onion,Salem,86.5
2026-04-17,Onion,Salem,163.2
2026-04-18,Onion,Salem,164.7
2026-04-19,Onion,Salem,141.5
2026-04-20,Onion,Salem,139.8
2026-04-21,Onion,Salem,123.1
2026-04-22,Onion,Salem,144.0
2026-04-23,Onion,Salem,151.7
2026-04-24,Onion,Salem,157.8
2026-04-25,Onion,Salem,163.6
2026-04-26,Onion,Salem,94.4
2026-04-27,Onion,Salem,99.0
2026-04-28,Onion,Salem,108.1
2026-04-29,Onion,Salem,113.9
2026-04-30,Onion,Salem,103.9
2026-05-01,Onion,Salem,155.8
2026-05-02,Onion,Salem,149.9
2026-05-03,Onion,Salem,136.0
2026-05-04,Onion,Salem,112.7
2026-05-05,Onion,Salem,85.4
2026-05-06,Onion,Salem,121.4
2026-05-07,Onion,Salem,119.2
2026-05-08,Onion,Salem,142.0
2026-05-09,Onion,Salem,156.2
2026-05-10,Onion,Salem,102.7
2026-05-11,Onion,Salem,123.7
2026-05-12,Onion,Salem,158.0
2026-05-13,Onion,Salem,91.3
2026-05-14,Onion,Salem,110.4
2026-05-15,Onion,Salem,143.2
2026-05-16,Onion,Salem,146.6
2026-05-17,Onion,Salem,132.9
2026-05-18,Onion,Salem,125.5
2026-05-19,Onion,Salem,129.9
2026-05-20,Onion,Salem,117.5
2026-05-21,Onion,Salem,97.0
2026-05-22,Onion,Salem,134.8
2026-05-23,Onion,Salem,162.5
2026-05-24,Onion,Salem,118.7
2026-05-25,Onion,Salem,134.8
2026-05-26,Onion,Salem,120.1
2026-05-27,Onion,Salem,97.8
2026-05-28,Onion,Salem,107.4
2026-05-29,Onion,Salem,158.0
2026-05-30,Onion,Salem,159.9
2026-05-31,Onion,Salem,127.4
2026-06-01,Onion,Salem,98.6
2026-06-02,Onion,Salem,96.1
2026-06-03,Onion,Salem,111.0
2026-06-04,Onion,Salem,135.2
2026-06-05,Onion,Salem,137.0
2026-06-06,Onion,Salem,153.9
2026-06-07,Onion,Salem,119.7
2026-06-08,Onion,Salem,124.0
2026-06-09,Onion,Salem,137.3
2026-06-10,Onion,Salem,135.5
2026-06-11,Onion,Salem,102.9
2026-06-12,Onion,Salem,113.6
2026-06-13,Onion,Salem,134.6
2026-06-14,Onion,Salem,112.2
2026-06-15,Onion,Salem,105.4
2026-06-16,Onion,Salem,140.1
2026-06-17,Onion,Salem,110.6
2026-06-18,Onion,Salem,119.8
2026-06-19,Onion,Salem,145.9
2026-06-20,Onion,Salem,137.1
2026-06-21,Onion,Salem,80.3
2026-06-22,Onion,Salem,107.8
2026-06-23,Onion,Salem,157.5
2026-06-24,Onion,Salem,89.7
2026-06-25,Onion,Salem,80.9
2026-06-26,Onion,Salem,169.3
2026-06-27,Onion,Salem,151.0
2026-06-28,Onion,Salem,110.1
2026-06-29,Onion,Salem,127.5
2026-06-30,Onion,Salem,94.3
2026-07-01,Onion,Salem,104.9
2026-07-02,Onion,Salem,120.5
2026-07-03,Onion,Salem,169.4
2026-07-04,Onion,Salem,119.8
2026-07-05,Onion,Salem,124.6
2026-07-06,Onion,Salem,110.8
2026-07-07,Onion,Salem,107.3
2026-07-08,Onion,Salem,104.4
2026-07-09,Onion,Salem,83.5
2026-07-10,Onion,Salem,149.7
2026-07-11,Onion,Salem,123.1
2026-07-12,Onion,Salem,87.3
2026-07-13,Onion,Salem,116.5
2026-07-14,Onion,Salem,114.8
2026-07-15,Onion,Salem,103.9
2026-07-16,Onion,Salem,118.6
2026-07-17,Onion,Salem,154.2
2026-07-18,Onion,Salem,152.1
2026-07-19,Onion,Salem,93.7
2026-07-20,Onion,Salem,116.6
2026-07-21,Onion,Salem,104.3
2026-07-22,Onion,Salem,126.7
2026-07-23,Onion,Salem,98.7
2026-07-24,Onion,Salem,125.1
2026-07-25,Onion,Salem,120.9
2026-07-26,Onion,Salem,102.7
2026-07-27,Onion,Salem,106.6
2026-07-28,Onion,Salem,106.6
2026-07-29,Onion,Salem,104.3
2026-07-30,Onion,Salem,108.9
2026-07-31,Onion,Salem,124.8
2026-08-01,Onion,Salem,114.8
2026-08-02,Onion,Salem,83.7
2026-08-03,Onion,Salem,112.5
2026-08-04,Onion,Salem,104.7
2026-08-05,Onion,Salem,69.6
2026-08-06,Onion,Salem,113.6
2026-08-07,Onion,Salem,154.3
2026-08-08,Onion,Salem,115.0
2026-08-09,Onion,Salem,101.6
2026-08-10,Onion,Salem,89.2
2026-08-11,Onion,Salem,105.5
2026-08-12,Onion,Salem,78.4
2026-08-13,Onion,Salem,94.6
2026-08-14,Onion,Salem,138.9
2026-08-15,Onion,Salem,142.4
2026-08-16,Onion,Salem,101.5
2026-08-17,Onion,Salem,89.8
2026-08-18,Onion,Salem,70.8
2026-08-19,Onion,Salem,83.2
2026-08-20,Onion,Salem,87.3
2026-08-21,Onion,Salem,111.9
2026-08-22,Onion,Salem,123.1
2026-08-23,Onion,Salem,88.7
2026-08-24,Onion,Salem,96.2
2026-08-25,Onion,Salem,111.5
2026-08-26,Onion,Salem,87.2
2026-08-27,Onion,Salem,72.4
2026-03-01,Potato,Chennai,242.1
2026-03-02,Potato,Chennai,238.3
2026-03-03,Potato,Chennai,252.0
2026-03-04,Potato,Chennai,229.9
2026-03-05,Potato,Chennai,263.7
2026-03-06,Potato,Chennai,315.4
2026-03-07,Potato,Chennai,265.6
2026-03-08,Potato,Chennai,260.7
2026-03-09,Potato,Chennai,222.4
2026-03-10,Potato,Chennai,218.5
2026-03-11,Potato,Chennai,242.1
2026-03-12,Potato,Chennai,208.4
2026-03-13,Potato,Chennai,294.6
2026-03-14,Potato,Chennai,328.6
2026-03-15,Potato,Chennai,243.3
2026-03-16,Potato,Chennai,247.3
2026-03-17,Potato,Chennai,225.4
2026-03-18,Potato,Chennai,212.3
2026-03-19,Potato,Chennai,246.1
2026-03-20,Potato,Chennai,320.2
2026-03-21,Potato,Chennai,319.7
2026-03-22,Potato,Chennai,239.0
2026-03-23,Potato,Chennai,221.4
2026-03-24,Potato,Chennai,272.6
2026-03-25,Potato,Chennai,243.3
2026-03-26,Potato,Chennai,233.5
2026-03-27,Potato,Chennai,304.5
2026-03-28,Potato,Chennai,309.3
2026-03-29,Potato,Chennai,252.3
2026-03-30,Potato,Chennai,239.1
2026-03-31,Potato,Chennai,249.2
2026-04-01,Potato,Chennai,238.6
2026-04-02,Potato,Chennai,234.6
2026-04-03,Potato,Chennai,316.8
2026-04-04,Potato,Chennai,316.2
2026-04-05,Potato,Chennai,233.7
2026-04-06,Potato,Chennai,225.0
2026-04-07,Potato,Chennai,241.3
2026-04-08,Potato,Chennai,237.3
2026-04-09,Potato,Chennai,227.7
2026-04-10,Potato,Chennai,294.1
2026-04-11,Potato,Chennai,312.8
2026-04-12,Potato,Chennai,244.0
2026-04-13,Potato,Chennai,230.3
2026-04-14,Potato,Chennai,226.9
2026-04-15,Potato,Chennai,223.0
2026-04-16,Potato,Chennai,241.0
2026-04-17,Potato,Chennai,293.7
2026-04-18,Potato,Chennai,339.1
2026-04-19,Potato,Chennai,228.7
2026-04-20,Potato,Chennai,198.3
2026-04-21,Potato,Chennai,234.1
2026-04-22,Potato,Chennai,233.3
2026-04-23,Potato,Chennai,250.8
2026-04-24,Potato,Chennai,308.5
2026-04-25,Potato,Chennai,291.4
2026-04-26,Potato,Chennai,229.2
2026-04-27,Potato,Chennai,238.2
2026-04-28,Potato,Chennai,200.6
2026-04-29,Potato,Chennai,252.9
2026-04-30,Potato,Chennai,220.1
2026-05-01,Potato,Chennai,323.3
2026-05-02,Potato,Chennai,307.6
2026-05-03,Potato,Chennai,241.2
2026-05-04,Potato,Chennai,248.8
2026-05-05,Potato,Chennai,239.8
2026-05-06,Potato,Chennai,241.0
2026-05-07,Potato,Chennai,228.2
2026-05-08,Potato,Chennai,305.0
2026-05-09,Potato,Chennai,290.2
2026-05-10,Potato,Chennai,224.5
2026-05-11,Potato,Chennai,258.8
2026-05-12,Potato,Chennai,216.9
2026-05-13,Potato,Chennai,231.0
2026-05-14,Potato,Chennai,230.0
2026-05-15,Potato,Chennai,291.7
2026-05-16,Potato,Chennai,303.6
2026-05-17,Potato,Chennai,236.1
2026-05-18,Potato,Chennai,213.0
2026-05-19,Potato,Chennai,228.0
2026-05-20,Potato,Chennai,209.8
2026-05-21,Potato,Chennai,237.5
2026-05-22,Potato,Chennai,295.5
2026-05-23,Potato,Chennai,293.5
2026-05-24,Potato,Chennai,234.3
2026-05-25,Potato,Chennai,219.9
2026-05-26,Potato,Chennai,237.3
2026-05-27,Potato,Chennai,208.9
2026-05-28,Potato,Chennai,243.9
2026-05-29,Potato,Chennai,280.7
2026-05-30,Potato,Chennai,262.9
2026-05-31,Potato,Chennai,216.5
2026-06-01,Potato,Chennai,214.3
2026-06-02,Potato,Chennai,215.4
2026-06-03,Potato,Chennai,223.5
2026-06-04,Potato,Chennai,236.0
2026-06-05,Potato,Chennai,281.9
2026-06-06,Potato,Chennai,273.8
2026-06-07,Potato,Chennai,201.2
2026-06-08,Potato,Chennai,210.6
2026-06-09,Potato,Chennai,188.8
2026-06-10,Potato,Chennai,205.7
2026-06-11,Potato,Chennai,234.8
2026-06-12,Potato,Chennai,268.0
2026-06-13,Potato,Chennai,289.1
2026-06-14,Potato,Chennai,196.2
2026-06-15,Potato,Chennai,240.7
2026-06-16,Potato,Chennai,241.2
2026-06-17,Potato,Chennai,222.0
2026-06-18,Potato,Chennai,242.4
2026-06-19,Potato,Chennai,281.0
2026-06-20,Potato,Chennai,286.5
2026-06-21,Potato,Chennai,229.9
2026-06-22,Potato,Chennai,213.2
2026-06-23,Potato,Chennai,186.7
2026-06-24,Potato,Chennai,221.3
2026-06-25,Potato,Chennai,201.8
2026-06-26,Potato,Chennai,264.9
2026-06-27,Potato,Chennai,274.7
2026-06-28,Potato,Chennai,215.8
2026-06-29,Potato,Chennai,209.1
2026-06-30,Potato,Chennai,215.8
2026-07-01,Potato,Chennai,195.1
2026-07-02,Potato,Chennai,204.6
2026-07-03,Potato,Chennai,278.8
2026-07-04,Potato,Chennai,292.0
2026-07-05,Potato,Chennai,235.5
2026-07-06,Potato,Chennai,209.6
2026-07-07,Potato,Chennai,215.2
2026-07-08,Potato,Chennai,231.8
2026-07-09,Potato,Chennai,191.4
2026-07-10,Potato,Chennai,270.7
2026-07-11,Potato,Chennai,272.1
2026-07-12,Potato,Chennai,221.7
2026-07-13,Potato,Chennai,182.4
2026-07-14,Potato,Chennai,184.8
2026-07-15,Potato,Chennai,198.7
2026-07-16,Potato,Chennai,203.5
2026-07-17,Potato,Chennai,273.4
2026-07-18,Potato,Chennai,263.7
2026-07-19,Potato,Chennai,194.1
2026-07-20,Potato,Chennai,202.1
2026-07-21,Potato,Chennai,199.8
2026-07-22,Potato,Chennai,221.0
2026-07-23,Potato,Chennai,196.8
2026-07-24,Potato,Chennai,246.2
2026-07-25,Potato,Chennai,258.1
2026-07-26,Potato,Chennai,195.8
2026-07-27,Potato,Chennai,168.8
2026-07-28,Potato,Chennai,191.7
2026-07-29,Potato,Chennai,189.9
2026-07-30,Potato,Chennai,182.8
2026-07-31,Potato,Chennai,263.2
2026-08-01,Potato,Chennai,235.2
2026-08-02,Potato,Chennai,196.4
2026-08-03,Potato,Chennai,186.9
2026-08-04,Potato,Chennai,190.3
2026-08-05,Potato,Chennai,194.4
2026-08-06,Potato,Chennai,168.2
2026-08-07,Potato,Chennai,246.4
2026-08-08,Potato,Chennai,277.3
2026-08-09,Potato,Chennai,163.2
2026-08-10,Potato,Chennai,185.2
2026-08-11,Potato,Chennai,202.5
2026-08-12,Potato,Chennai,189.8
2026-08-13,Potato,Chennai,195.2
2026-08-14,Potato,Chennai,204.2
2026-08-15,Potato,Chennai,248.3
2026-08-16,Potato,Chennai,172.3
2026-08-17,Potato,Chennai,188.0
2026-08-18,Potato,Chennai,182.5
2026-08-19,Potato,Chennai,216.8
2026-08-20,Potato,Chennai,190.5
2026-08-21,Potato,Chennai,234.8
2026-08-22,Potato,Chennai,213.4
2026-08-23,Potato,Chennai,183.1
2026-08-24,Potato,Chennai,193.3
2026-08-25,Potato,Chennai,179.4
2026-08-26,Potato,Chennai,172.7
2026-08-27,Potato,Chennai,171.4
2026-03-01,Potato,Coimbatore,185.5
2026-03-02,Potato,Coimbatore,217.8
2026-03-03,Potato,Coimbatore,185.7
2026-03-04,Potato,Coimbatore,222.2
2026-03-05,Potato,Coimbatore,214.4
2026-03-06,Potato,Coimbatore,253.8
2026-03-07,Potato,Coimbatore,247.9
2026-03-08,Potato,Coimbatore,215.0
2026-03-09,Potato,Coimbatore,195.8
2026-03-10,Potato,Coimbatore,176.4
2026-03-11,Potato,Coimbatore,208.2
2026-03-12,Potato,Coimbatore,206.2
2026-03-13,Potato,Coimbatore,277.2
2026-03-14,Potato,Coimbatore,265.5
2026-03-15,Potato,Coimbatore,192.1
2026-03-16,Potato,Coimbatore,219.5
2026-03-17,Potato,Coimbatore,221.1
2026-03-18,Potato,Coimbatore,204.2
2026-03-19,Potato,Coimbatore,201.7
2026-03-20,Potato,Coimbatore,241.4
2026-03-21,Potato,Coimbatore,252.2
2026-03-22,Potato,Coimbatore,212.5
2026-03-23,Potato,Coimbatore,192.8
2026-03-24,Potato,Coimbatore,179.4
2026-03-25,Potato,Coimbatore,253.8
2026-03-26,Potato,Coimbatore,179.4
2026-03-27,Potato,Coimbatore,295.7
2026-03-28,Potato,Coimbatore,257.3
2026-03-29,Potato,Coimbatore,200.2
2026-03-30,Potato,Coimbatore,191.4
2026-03-31,Potato,Coimbatore,213.3
2026-04-01,Potato,Coimbatore,179.9
2026-04-02,Potato,Coimbatore,173.9
2026-04-03,Potato,Coimbatore,286.1
2026-04-04,Potato,Coimbatore,249.9
2026-04-05,Potato,Coimbatore,212.7
2026-04-06,Potato,Coimbatore,185.1
2026-04-07,Potato,Coimbatore,212.0
2026-04-08,Potato,Coimbatore,226.6
2026-04-09,Potato,Coimbatore,193.4
2026-04-10,Potato,Coimbatore,232.6
2026-04-11,Potato,Coimbatore,286.8
2026-04-12,Potato,Coimbatore,215.0
2026-04-13,Potato,Coimbatore,193.9
2026-04-14,Potato,Coimbatore,197.6
2026-04-15,Potato,Coimbatore,184.1
2026-04-16,Potato,Coimbatore,222.0
2026-04-17,Potato,Coimbatore,252.7
2026-04-18,Potato,Coimbatore,239.3
2026-04-19,Potato,Coimbatore,203.5
2026-04-20,Potato,Coimbatore,187.3
2026-04-21,Potato,Coimbatore,184.6
2026-04-22,Potato,Coimbatore,193.4
2026-04-23,Potato,Coimbatore,201.0
2026-04-24,Potato,Coimbatore,238.7
2026-04-25,Potato,Coimbatore,279.9
2026-04-26,Potato,Coimbatore,209.3
2026-04-27,Potato,Coimbatore,193.5
2026-04-28,Potato,Coimbatore,185.2
2026-04-29,Potato,Coimbatore,197.2
2026-04-30,Potato,Coimbatore,211.9
2026-05-01,Potato,Coimbatore,268.8
2026-05-02,Potato,Coimbatore,273.2
2026-05-03,Potato,Coimbatore,190.5
2026-05-04,Potato,Coimbatore,153.6
2026-05-05,Potato,Coimbatore,215.9
2026-05-06,Potato,Coimbatore,194.4
2026-05-07,Potato,Coimbatore,206.7
2026-05-08,Potato,Coimbatore,280.4
2026-05-09,Potato,Coimbatore,291.5
2026-05-10,Potato,Coimbatore,186.1
2026-05-11,Potato,Coimbatore,197.6
2026-05-12,Potato,Coimbatore,215.8
2026-05-13,Potato,Coimbatore,182.4
2026-05-14,Potato,Coimbatore,186.0
2026-05-15,Potato,Coimbatore,243.9
2026-05-16,Potato,Coimbatore,251.9
2026-05-17,Potato,Coimbatore,190.5
2026-05-18,Potato,Coimbatore,184.6
2026-05-19,Potato,Coimbatore,178.6
2026-05-20,Potato,Coimbatore,205.0
2026-05-21,Potato,Coimbatore,212.5
2026-05-22,Potato,Coimbatore,272.0
2026-05-23,Potato,Coimbatore,242.1
2026-05-24,Potato,Coimbatore,204.2
2026-05-25,Potato,Coimbatore,194.6
2026-05-26,Potato,Coimbatore,182.1
2026-05-27,Potato,Coimbatore,201.3
2026-05-28,Potato,Coimbatore,180.7
2026-05-29,Potato,Coimbatore,240.8
2026-05-30,Potato,Coimbatore,225.3
2026-05-31,Potato,Coimbatore,181.8
2026-06-01,Potato,Coimbatore,192.2
2026-06-02,Potato,Coimbatore,211.5
2026-06-03,Potato,Coimbatore,182.3
2026-06-04,Potato,Coimbatore,171.6
2026-06-05,Potato,Coimbatore,265.3
2026-06-06,Potato,Coimbatore,234.8
2026-06-07,Potato,Coimbatore,159.8
2026-06-08,Potato,Coimbatore,187.6
2026-06-09,Potato,Coimbatore,180.3
2026-06-10,Potato,Coimbatore,219.2
2026-06-11,Potato,Coimbatore,191.4
2026-06-12,Potato,Coimbatore,236.9
2026-06-13,Potato,Coimbatore,224.6
2026-06-14,Potato,Coimbatore,188.0
2026-06-15,Potato,Coimbatore,204.5
2026-06-16,Potato,Coimbatore,186.8
2026-06-17,Potato,Coimbatore,169.0
2026-06-18,Potato,Coimbatore,189.4
2026-06-19,Potato,Coimbatore,234.4
2026-06-20,Potato,Coimbatore,241.3
2026-06-21,Potato,Coimbatore,174.6
2026-06-22,Potato,Coimbatore,173.8
2026-06-23,Potato,Coimbatore,172.8
2026-06-24,Potato,Coimbatore,192.8
2026-06-25,Potato,Coimbatore,172.6
2026-06-26,Potato,Coimbatore,224.1
2026-06-27,Potato,Coimbatore,216.3
2026-06-28,Potato,Coimbatore,183.6
2026-06-29,Potato,Coimbatore,181.0
2026-06-30,Potato,Coimbatore,169.2
2026-07-01,Potato,Coimbatore,164.8
2026-07-02,Potato,Coimbatore,203.2
2026-07-03,Potato,Coimbatore,198.7
2026-07-04,Potato,Coimbatore,233.7
2026-07-05,Potato,Coimbatore,193.0
2026-07-06,Potato,Coimbatore,122.4
2026-07-07,Potato,Coimbatore,184.7
2026-07-08,Potato,Coimbatore,169.0
2026-07-09,Potato,Coimbatore,175.7
2026-07-10,Potato,Coimbatore,218.0
2026-07-11,Potato,Coimbatore,238.4
2026-07-12,Potato,Coimbatore,176.0
2026-07-13,Potato,Coimbatore,172.0
2026-07-14,Potato,Coimbatore,156.1
2026-07-15,Potato,Coimbatore,197.4
2026-07-16,Potato,Coimbatore,168.9
2026-07-17,Potato,Coimbatore,253.1
2026-07-18,Potato,Coimbatore,247.1
2026-07-19,Potato,Coimbatore,140.8
2026-07-20,Potato,Coimbatore,157.2
2026-07-21,Potato,Coimbatore,151.0
2026-07-22,Potato,Coimbatore,165.4
2026-07-23,Potato,Coimbatore,168.5
2026-07-24,Potato,Coimbatore,218.3
2026-07-25,Potato,Coimbatore,230.2
2026-07-26,Potato,Coimbatore,186.9
2026-07-27,Potato,Coimbatore,178.6
2026-07-28,Potato,Coimbatore,155.2
2026-07-29,Potato,Coimbatore,151.5
2026-07-30,Potato,Coimbatore,162.9
2026-07-31,Potato,Coimbatore,217.6
2026-08-01,Potato,Coimbatore,207.9
2026-08-02,Potato,Coimbatore,141.5
2026-08-03,Potato,Coimbatore,171.5
2026-08-04,Potato,Coimbatore,155.0
2026-08-05,Potato,Coimbatore,154.2
2026-08-06,Potato,Coimbatore,159.3
2026-08-07,Potato,Coimbatore,204.1
2026-08-08,Potato,Coimbatore,201.7
2026-08-09,Potato,Coimbatore,139.9
2026-08-10,Potato,Coimbatore,157.0
2026-08-11,Potato,Coimbatore,168.9
2026-08-12,Potato,Coimbatore,162.0
2026-08-13,Potato,Coimbatore,171.9
2026-08-14,Potato,Coimbatore,193.6
2026-08-15,Potato,Coimbatore,184.9
2026-08-16,Potato,Coimbatore,153.0
2026-08-17,Potato,Coimbatore,147.2
2026-08-18,Potato,Coimbatore,148.4
2026-08-19,Potato,Coimbatore,158.9
2026-08-20,Potato,Coimbatore,147.9
2026-08-21,Potato,Coimbatore,183.0
2026-08-22,Potato,Coimbatore,192.9
2026-08-23,Potato,Coimbatore,159.7
2026-08-24,Potato,Coimbatore,164.4
2026-08-25,Potato,Coimbatore,164.0
2026-08-26,Potato,Coimbatore,160.1
2026-08-27,Potato,Coimbatore,151.0
2026-03-01,Potato,Madurai,373.5
2026-03-02,Potato,Madurai,370.3
2026-03-03,Potato,Madurai,380.5
2026-03-04,Potato,Madurai,375.7
2026-03-05,Potato,Madurai,355.5
2026-03-06,Potato,Madurai,492.3
2026-03-07,Potato,Madurai,469.0
2026-03-08,Potato,Madurai,382.2
2026-03-09,Potato,Madurai,365.0
2026-03-10,Potato,Madurai,377.8
2026-03-11,Potato,Madurai,383.5
2026-03-12,Potato,Madurai,414.7
2026-03-13,Potato,Madurai,502.8
2026-03-14,Potato,Madurai,512.5
2026-03-15,Potato,Madurai,406.8
2026-03-16,Potato,Madurai,386.3
2026-03-17,Potato,Madurai,383.5
2026-03-18,Potato,Madurai,363.4
2026-03-19,Potato,Madurai,377.9
2026-03-20,Potato,Madurai,482.9
2026-03-21,Potato,Madurai,487.9
2026-03-22,Potato,Madurai,408.2
2026-03-23,Potato,Madurai,382.0
2026-03-24,Potato,Madurai,367.3
2026-03-25,Potato,Madurai,401.1
2026-03-26,Potato,Madurai,394.9
2026-03-27,Potato,Madurai,510.0
2026-03-28,Potato,Madurai,464.9
2026-03-29,Potato,Madurai,410.0
2026-03-30,Potato,Madurai,372.5
2026-03-31,Potato,Madurai,392.5
2026-04-01,Potato,Madurai,418.7
2026-04-02,Potato,Madurai,413.2
2026-04-03,Potato,Madurai,480.5
2026-04-04,Potato,Madurai,473.4
2026-04-05,Potato,Madurai,402.2
2026-04-06,Potato,Madurai,382.9
2026-04-07,Potato,Madurai,373.1
2026-04-08,Potato,Madurai,389.9
2026-04-09,Potato,Madurai,378.0
2026-04-10,Potato,Madurai,504.9
2026-04-11,Potato,Madurai,495.3
2026-04-12,Potato,Madurai,390.9
2026-04-13,Potato,Madurai,366.5
2026-04-14,Potato,Madurai,401.1
2026-04-15,Potato,Madurai,390.0
2026-04-16,Potato,Madurai,389.0
2026-04-17,Potato,Madurai,476.0
2026-04-18,Potato,Madurai,518.0
2026-04-19,Potato,Madurai,378.4
2026-04-20,Potato,Madurai,389.2
2026-04-21,Potato,Madurai,373.2
2026-04-22,Potato,Madurai,381.7
2026-04-23,Potato,Madurai,381.9
2026-04-24,Potato,Madurai,448.0
2026-04-25,Potato,Madurai,498.6
2026-04-26,Potato,Madurai,405.9
2026-04-27,Potato,Madurai,384.2
2026-04-28,Potato,Madurai,361.4
2026-04-29,Potato,Madurai,385.1
2026-04-30,Potato,Madurai,390.8
2026-05-01,Potato,Madurai,494.6
2026-05-02,Potato,Madurai,485.2
2026-05-03,Potato,Madurai,370.0
2026-05-04,Potato,Madurai,369.5
2026-05-05,Potato,Madurai,383.2
2026-05-06,Potato,Madurai,351.2
2026-05-07,Potato,Madurai,366.2
2026-05-08,Potato,Madurai,506.6
2026-05-09,Potato,Madurai,506.5
2026-05-10,Potato,Madurai,348.1
2026-05-11,Potato,Madurai,352.7
2026-05-12,Potato,Madurai,365.1
2026-05-13,Potato,Madurai,382.0
2026-05-14,Potato,Madurai,340.6
2026-05-15,Potato,Madurai,476.9
2026-05-16,Potato,Madurai,469.8
2026-05-17,Potato,Madurai,386.2
2026-05-18,Potato,Madurai,340.5
2026-05-19,Potato,Madurai,366.4
2026-05-20,Potato,Madurai,358.5
2026-05-21,Potato,Madurai,385.8
2026-05-22,Potato,Madurai,481.0
2026-05-23,Potato,Madurai,462.4
2026-05-24,Potato,Madurai,374.6
2026-05-25,Potato,Madurai,355.3
2026-05-26,Potato,Madurai,375.4
2026-05-27,Potato,Madurai,356.2
2026-05-28,Potato,Madurai,374.8
2026-05-29,Potato,Madurai,472.3
2026-05-30,Potato,Madurai,513.8
2026-05-31,Potato,Madurai,356.1
2026-06-01,Potato,Madurai,361.9
2026-06-02,Potato,Madurai,348.2
2026-06-03,Potato,Madurai,354.7
2026-06-04,Potato,Madurai,313.3
2026-06-05,Potato,Madurai,466.0
2026-06-06,Potato,Madurai,478.2
2026-06-07,Potato,Madurai,357.5
2026-06-08,Potato,Madurai,331.1
2026-06-09,Potato,Madurai,337.9
2026-06-10,Potato,Madurai,312.7
2026-06-11,Potato,Madurai,363.1
2026-06-12,Potato,Madurai,436.8
2026-06-13,Potato,Madurai,450.4
2026-06-14,Potato,Madurai,343.6
2026-06-15,Potato,Madurai,367.4
2026-06-16,Potato,Madurai,345.6
2026-06-17,Potato,Madurai,355.6
2026-06-18,Potato,Madurai,350.8
2026-06-19,Potato,Madurai,464.8
2026-06-20,Potato,Madurai,439.7
2026-06-21,Potato,Madurai,368.2
2026-06-22,Potato,Madurai,309.5
2026-06-23,Potato,Madurai,351.3
2026-06-24,Potato,Madurai,324.6
2026-06-25,Potato,Madurai,329.4
2026-06-26,Potato,Madurai,445.2
2026-06-27,Potato,Madurai,444.0
2026-06-28,Potato,Madurai,343.3
2026-06-29,Potato,Madurai,312.6
2026-06-30,Potato,Madurai,354.2
2026-07-01,Potato,Madurai,318.1
2026-07-02,Potato,Madurai,319.3
2026-07-03,Potato,Madurai,438.5
2026-07-04,Potato,Madurai,423.5
2026-07-05,Potato,Madurai,332.8
2026-07-06,Potato,Madurai,295.0
2026-07-07,Potato,Madurai,330.8
2026-07-08,Potato,Madurai,328.9
2026-07-09,Potato,Madurai,317.2
2026-07-10,Potato,Madurai,390.0
2026-07-11,Potato,Madurai,416.9
2026-07-12,Potato,Madurai,321.7
2026-07-13,Potato,Madurai,315.9
2026-07-14,Potato,Madurai,293.1
2026-07-15,Potato,Madurai,343.7
2026-07-16,Potato,Madurai,309.4
2026-07-17,Potato,Madurai,410.2
2026-07-18,Potato,Madurai,376.3
2026-07-19,Potato,Madurai,340.4
2026-07-20,Potato,Madurai,308.7
2026-07-21,Potato,Madurai,316.3
2026-07-22,Potato,Madurai,330.9
2026-07-23,Potato,Madurai,303.1
2026-07-24,Potato,Madurai,420.6
2026-07-25,Potato,Madurai,374.2
2026-07-26,Potato,Madurai,319.1
2026-07-27,Potato,Madurai,333.7
2026-07-28,Potato,Madurai,300.6
2026-07-29,Potato,Madurai,325.3
2026-07-30,Potato,Madurai,335.3
2026-07-31,Potato,Madurai,395.3
2026-08-01,Potato,Madurai,393.1
2026-08-02,Potato,Madurai,292.1
2026-08-03,Potato,Madurai,297.2
2026-08-04,Potato,Madurai,291.9
2026-08-05,Potato,Madurai,289.9
2026-08-06,Potato,Madurai,320.7
2026-08-07,Potato,Madurai,380.8
2026-08-08,Potato,Madurai,395.6
2026-08-09,Potato,Madurai,301.2
2026-08-10,Potato,Madurai,322.4
2026-08-11,Potato,Madurai,291.8
2026-08-12,Potato,Madurai,304.4
2026-08-13,Potato,Madurai,309.9
2026-08-14,Potato,Madurai,409.0
2026-08-15,Potato,Madurai,378.0
2026-08-16,Potato,Madurai,286.9
2026-08-17,Potato,Madurai,279.6
2026-08-18,Potato,Madurai,328.5
2026-08-19,Potato,Madurai,315.2
2026-08-20,Potato,Madurai,293.2
2026-08-21,Potato,Madurai,410.2
2026-08-22,Potato,Madurai,379.0
2026-08-23,Potato,Madurai,303.0
2026-08-24,Potato,Madurai,291.8
2026-08-25,Potato,Madurai,297.1
2026-08-26,Potato,Madurai,295.0
2026-08-27,Potato,Madurai,283.8
2026-03-01,Potato,Trichy,335.9
2026-03-02,Potato,Trichy,348.2
2026-03-03,Potato,Trichy,334.9
2026-03-04,Potato,Trichy,341.9
2026-03-05,Potato,Trichy,343.3
2026-03-06,Potato,Trichy,425.1
2026-03-07,Potato,Trichy,439.8
2026-03-08,Potato,Trichy,316.1
2026-03-09,Potato,Trichy,335.8
2026-03-10,Potato,Trichy,339.5
2026-03-11,Potato,Trichy,346.9
2026-03-12,Potato,Trichy,343.7
2026-03-13,Potato,Trichy,447.1
2026-03-14,Potato,Trichy,429.9
2026-03-15,Potato,Trichy,326.9
2026-03-16,Potato,Trichy,328.2
2026-03-17,Potato,Trichy,336.5
2026-03-18,Potato,Trichy,305.5
2026-03-19,Potato,Trichy,352.8
2026-03-20,Potato,Trichy,433.6
2026-03-21,Potato,Trichy,426.9
2026-03-22,Potato,Trichy,295.4
2026-03-23,Potato,Trichy,332.9
2026-03-24,Potato,Trichy,330.6
2026-03-25,Potato,Trichy,320.2
2026-03-26,Potato,Trichy,323.6
2026-03-27,Potato,Trichy,433.5
2026-03-28,Potato,Trichy,425.2
2026-03-29,Potato,Trichy,342.5
2026-03-30,Potato,Trichy,322.7
2026-03-31,Potato,Trichy,336.3
2026-04-01,Potato,Trichy,351.7
2026-04-02,Potato,Trichy,333.4
2026-04-03,Potato,Trichy,439.5
2026-04-04,Potato,Trichy,438.5
2026-04-05,Potato,Trichy,334.0
2026-04-06,Potato,Trichy,332.8
2026-04-07,Potato,Trichy,325.2
2026-04-08,Potato,Trichy,335.9
2026-04-09,Potato,Trichy,329.3
2026-04-10,Potato,Trichy,456.7
2026-04-11,Potato,Trichy,445.5
2026-04-12,Potato,Trichy,311.4
2026-04-13,Potato,Trichy,312.1
2026-04-14,Potato,Trichy,331.0
2026-04-15,Potato,Trichy,326.8
2026-04-16,Potato,Trichy,329.8
2026-04-17,Potato,Trichy,441.9
2026-04-18,Potato,Trichy,436.6
2026-04-19,Potato,Trichy,336.5
2026-04-20,Potato,Trichy,353.4
2026-04-21,Potato,Trichy,310.7
2026-04-22,Potato,Trichy,332.8
2026-04-23,Potato,Trichy,322.3
2026-04-24,Potato,Trichy,451.4
2026-04-25,Potato,Trichy,396.4
2026-04-26,Potato,Trichy,297.6
2026-04-27,Potato,Trichy,334.3
2026-04-28,Potato,Trichy,346.3
2026-04-29,Potato,Trichy,340.7
2026-04-30,Potato,Trichy,316.7
2026-05-01,Potato,Trichy,449.5
2026-05-02,Potato,Trichy,407.9
2026-05-03,Potato,Trichy,347.2
2026-05-04,Potato,Trichy,310.7
2026-05-05,Potato,Trichy,321.6
2026-05-06,Potato,Trichy,336.0
2026-05-07,Potato,Trichy,304.0
2026-05-08,Potato,Trichy,445.2
2026-05-09,Potato,Trichy,417.3
2026-05-10,Potato,Trichy,326.7
2026-05-11,Potato,Trichy,341.6
2026-05-12,Potato,Trichy,311.8
2026-05-13,Potato,Trichy,339.1
2026-05-14,Potato,Trichy,347.3
2026-05-15,Potato,Trichy,409.0
2026-05-16,Potato,Trichy,438.7
2026-05-17,Potato,Trichy,294.7
2026-05-18,Potato,Trichy,326.5
2026-05-19,Potato,Trichy,301.6
2026-05-20,Potato,Trichy,333.7
2026-05-21,Potato,Trichy,331.9
2026-05-22,Potato,Trichy,445.1
2026-05-23,Potato,Trichy,434.5
2026-05-24,Potato,Trichy,314.7
2026-05-25,Potato,Trichy,300.4
2026-05-26,Potato,Trichy,324.5
2026-05-27,Potato,Trichy,314.5
2026-05-28,Potato,Trichy,338.1
2026-05-29,Potato,Trichy,375.9
2026-05-30,Potato,Trichy,440.4
2026-05-31,Potato,Trichy,320.9
2026-06-01,Potato,Trichy,300.1
2026-06-02,Potato,Trichy,322.6
2026-06-03,Potato,Trichy,330.4
2026-06-04,Potato,Trichy,312.0
2026-06-05,Potato,Trichy,376.0
2026-06-06,Potato,Trichy,397.2
2026-06-07,Potato,Trichy,323.8
2026-06-08,Potato,Trichy,315.0
2026-06-09,Potato,Trichy,304.5
2026-06-10,Potato,Trichy,325.8
2026-06-11,Potato,Trichy,316.6
2026-06-12,Potato,Trichy,408.4
2026-06-13,Potato,Trichy,389.1
2026-06-14,Potato,Trichy,295.7
2026-06-15,Potato,Trichy,277.1
2026-06-16,Potato,Trichy,298.0
2026-06-17,Potato,Trichy,315.2
2026-06-18,Potato,Trichy,297.4
2026-06-19,Potato,Trichy,396.3
2026-06-20,Potato,Trichy,405.3
2026-06-21,Potato,Trichy,303.8
2026-06-22,Potato,Trichy,304.6
2026-06-23,Potato,Trichy,276.4
2026-06-24,Potato,Trichy,291.2
2026-06-25,Potato,Trichy,321.2
2026-06-26,Potato,Trichy,384.5
2026-06-27,Potato,Trichy,410.4
2026-06-28,Potato,Trichy,282.2
2026-06-29,Potato,Trichy,295.8
2026-06-30,Potato,Trichy,285.8
2026-07-01,Potato,Trichy,299.7
2026-07-02,Potato,Trichy,303.5
2026-07-03,Potato,Trichy,385.1
2026-07-04,Potato,Trichy,390.7
2026-07-05,Potato,Trichy,287.6
2026-07-06,Potato,Trichy,284.2
2026-07-07,Potato,Trichy,259.9
2026-07-08,Potato,Trichy,295.1
2026-07-09,Potato,Trichy,287.4
2026-07-10,Potato,Trichy,368.3
2026-07-11,Potato,Trichy,365.5
2026-07-12,Potato,Trichy,282.0
2026-07-13,Potato,Trichy,278.3
2026-07-14,Potato,Trichy,273.2
2026-07-15,Potato,Trichy,284.0
2026-07-16,Potato,Trichy,286.9
2026-07-17,Potato,Trichy,351.1
2026-07-18,Potato,Trichy,355.7
2026-07-19,Potato,Trichy,274.4
2026-07-20,Potato,Trichy,276.8
2026-07-21,Potato,Trichy,274.1
2026-07-22,Potato,Trichy,285.3
2026-07-23,Potato,Trichy,249.9
2026-07-24,Potato,Trichy,334.0
2026-07-25,Potato,Trichy,358.2
2026-07-26,Potato,Trichy,263.5
2026-07-27,Potato,Trichy,285.2
2026-07-28,Potato,Trichy,288.8
2026-07-29,Potato,Trichy,274.1
2026-07-30,Potato,Trichy,253.8
2026-07-31,Potato,Trichy,365.8
2026-08-01,Potato,Trichy,352.1
2026-08-02,Potato,Trichy,245.6
2026-08-03,Potato,Trichy,246.3
2026-08-04,Potato,Trichy,289.4
2026-08-05,Potato,Trichy,286.3
2026-08-06,Potato,Trichy,227.7
2026-08-07,Potato,Trichy,323.9
2026-08-08,Potato,Trichy,360.6
2026-08-09,Potato,Trichy,263.3
2026-08-10,Potato,Trichy,273.6
2026-08-11,Potato,Trichy,261.5
2026-08-12,Potato,Trichy,271.7
2026-08-13,Potato,Trichy,261.4
2026-08-14,Potato,Trichy,332.4
2026-08-15,Potato,Trichy,354.2
2026-08-16,Potato,Trichy,262.7
2026-08-17,Potato,Trichy,268.9
2026-08-18,Potato,Trichy,261.0
2026-08-19,Potato,Trichy,250.8
2026-08-20,Potato,Trichy,281.8
2026-08-21,Potato,Trichy,339.6
2026-08-22,Potato,Trichy,328.3
2026-08-23,Potato,Trichy,275.4
2026-08-24,Potato,Trichy,235.9
2026-08-25,Potato,Trichy,288.8
2026-08-26,Potato,Trichy,252.2
2026-08-27,Potato,Trichy,235.4
2026-03-01,Potato,Salem,292.9
2026-03-02,Potato,Salem,288.4
2026-03-03,Potato,Salem,291.3
2026-03-04,Potato,Salem,287.1
2026-03-05,Potato,Salem,288.6
2026-03-06,Potato,Salem,385.8
2026-03-07,Potato,Salem,378.3
2026-03-08,Potato,Salem,301.8
2026-03-09,Potato,Salem,289.0
2026-03-10,Potato,Salem,282.2
2026-03-11,Potato,Salem,289.8
2026-03-12,Potato,Salem,274.6
2026-03-13,Potato,Salem,367.9
2026-03-14,Potato,Salem,376.5
2026-03-15,Potato,Salem,290.2
2026-03-16,Potato,Salem,286.4
2026-03-17,Potato,Salem,267.3
2026-03-18,Potato,Salem,297.8
2026-03-19,Potato,Salem,300.9
2026-03-20,Potato,Salem,399.8
2026-03-21,Potato,Salem,381.9
2026-03-22,Potato,Salem,288.8
2026-03-23,Potato,Salem,273.7
2026-03-24,Potato,Salem,311.4
2026-03-25,Potato,Salem,292.8
2026-03-26,Potato,Salem,292.1
2026-03-27,Potato,Salem,372.2
2026-03-28,Potato,Salem,371.3
2026-03-29,Potato,Salem,299.7
2026-03-30,Potato,Salem,274.1
2026-03-31,Potato,Salem,313.8
2026-04-01,Potato,Salem,310.5
2026-04-02,Potato,Salem,284.1
2026-04-03,Potato,Salem,363.3
2026-04-04,Potato,Salem,346.0
2026-04-05,Potato,Salem,270.6
2026-04-06,Potato,Salem,300.2
2026-04-07,Potato,Salem,294.0
2026-04-08,Potato,Salem,296.6
2026-04-09,Potato,Salem,261.4
2026-04-10,Potato,Salem,369.7
2026-04-11,Potato,Salem,396.1
2026-04-12,Potato,Salem,287.3
2026-04-13,Potato,Salem,269.6
2026-04-14,Potato,Salem,286.8
2026-04-15,Potato,Salem,276.8
2026-04-16,Potato,Salem,293.2
2026-04-17,Potato,Salem,374.8
2026-04-18,Potato,Salem,382.4
2026-04-19,Potato,Salem,269.4
2026-04-20,Potato,Salem,280.7
2026-04-21,Potato,Salem,303.6
2026-04-22,Potato,Salem,266.7
2026-04-23,Potato,Salem,271.8
2026-04-24,Potato,Salem,375.5
2026-04-25,Potato,Salem,376.5
2026-04-26,Potato,Salem,278.7
2026-04-27,Potato,Salem,281.6
2026-04-28,Potato,Salem,293.5
2026-04-29,Potato,Salem,297.9
2026-04-30,Potato,Salem,268.8
2026-05-01,Potato,Salem,375.4
2026-05-02,Potato,Salem,392.2
2026-05-03,Potato,Salem,282.2
2026-05-04,Potato,Salem,267.4
2026-05-05,Potato,Salem,266.3
2026-05-06,Potato,Salem,280.4
2026-05-07,Potato,Salem,298.0
2026-05-08,Potato,Salem,366.1
2026-05-09,Potato,Salem,369.1
2026-05-10,Potato,Salem,266.4
2026-05-11,Potato,Salem,295.7
2026-05-12,Potato,Salem,263.3
2026-05-13,Potato,Salem,272.5
2026-05-14,Potato,Salem,289.1
2026-05-15,Potato,Salem,332.4
2026-05-16,Potato,Salem,365.0
2026-05-17,Potato,Salem,262.7
2026-05-18,Potato,Salem,278.1
2026-05-19,Potato,Salem,272.1
2026-05-20,Potato,Salem,308.5
2026-05-21,Potato,Salem,270.5
2026-05-22,Potato,Salem,386.3
2026-05-23,Potato,Salem,366.8
2026-05-24,Potato,Salem,262.9
2026-05-25,Potato,Salem,279.3
2026-05-26,Potato,Salem,269.3
2026-05-27,Potato,Salem,277.0
2026-05-28,Potato,Salem,262.1
2026-05-29,Potato,Salem,379.3
2026-05-30,Potato,Salem,367.1
2026-05-31,Potato,Salem,271.6
2026-06-01,Potato,Salem,296.5
2026-06-02,Potato,Salem,271.1
2026-06-03,Potato,Salem,285.9
2026-06-04,Potato,Salem,269.4
2026-06-05,Potato,Salem,354.7
2026-06-06,Potato,Salem,346.8
2026-06-07,Potato,Salem,268.5
2026-06-08,Potato,Salem,269.1
2026-06-09,Potato,Salem,255.9
2026-06-10,Potato,Salem,259.3
2026-06-11,Potato,Salem,261.5
2026-06-12,Potato,Salem,346.8
2026-06-13,Potato,Salem,342.1
2026-06-14,Potato,Salem,280.5
2026-06-15,Potato,Salem,274.9
2026-06-16,Potato,Salem,258.7
2026-06-17,Potato,Salem,281.7
2026-06-18,Potato,Salem,288.5
2026-06-19,Potato,Salem,307.0
2026-06-20,Potato,Salem,350.8
2026-06-21,Potato,Salem,248.1
2026-06-22,Potato,Salem,269.8
2026-06-23,Potato,Salem,275.7
2026-06-24,Potato,Salem,243.4
2026-06-25,Potato,Salem,228.1
2026-06-26,Potato,Salem,344.3
2026-06-27,Potato,Salem,333.0
2026-06-28,Potato,Salem,228.9
2026-06-29,Potato,Salem,291.2
2026-06-30,Potato,Salem,262.0
2026-07-01,Potato,Salem,262.0
2026-07-02,Potato,Salem,271.8
2026-07-03,Potato,Salem,317.2
2026-07-04,Potato,Salem,327.0
2026-07-05,Potato,Salem,229.6
2026-07-06,Potato,Salem,239.6
2026-07-07,Potato,Salem,253.9
2026-07-08,Potato,Salem,222.5
2026-07-09,Potato,Salem,237.3
2026-07-10,Potato,Salem,306.1
2026-07-11,Potato,Salem,321.3
2026-07-12,Potato,Salem,253.5
2026-07-13,Potato,Salem,255.4
2026-07-14,Potato,Salem,258.6
2026-07-15,Potato,Salem,263.6
2026-07-16,Potato,Salem,251.4
2026-07-17,Potato,Salem,342.5
2026-07-18,Potato,Salem,315.2
2026-07-19,Potato,Salem,237.9
2026-07-20,Potato,Salem,249.0
2026-07-21,Potato,Salem,236.0
2026-07-22,Potato,Salem,266.4
2026-07-23,Potato,Salem,255.0
2026-07-24,Potato,Salem,319.9
2026-07-25,Potato,Salem,309.8
2026-07-26,Potato,Salem,230.1
2026-07-27,Potato,Salem,246.1
2026-07-28,Potato,Salem,218.1
2026-07-29,Potato,Salem,257.5
2026-07-30,Potato,Salem,231.2
2026-07-31,Potato,Salem,307.9
2026-08-01,Potato,Salem,288.9
2026-08-02,Potato,Salem,243.0
2026-08-03,Potato,Salem,224.8
2026-08-04,Potato,Salem,240.8
2026-08-05,Potato,Salem,241.9
2026-08-06,Potato,Salem,220.3
2026-08-07,Potato,Salem,281.5
2026-08-08,Potato,Salem,320.6
2026-08-09,Potato,Salem,225.6
2026-08-10,Potato,Salem,231.3
2026-08-11,Potato,Salem,234.7
2026-08-12,Potato,Salem,208.1
2026-08-13,Potato,Salem,233.4
2026-08-14,Potato,Salem,295.2
2026-08-15,Potato,Salem,283.5
2026-08-16,Potato,Salem,207.7
2026-08-17,Potato,Salem,233.7
2026-08-18,Potato,Salem,241.0
2026-08-19,Potato,Salem,226.4
2026-08-20,Potato,Salem,201.7
2026-08-21,Potato,Salem,273.8
2026-08-22,Potato,Salem,282.7
2026-08-23,Potato,Salem,245.5
2026-08-24,Potato,Salem,217.9
2026-08-25,Potato,Salem,214.2
2026-08-26,Potato,Salem,195.7
2026-08-27,Potato,Salem,210.6
2026-03-01,Rice,Chennai,158.3
2026-03-02,Rice,Chennai,150.7
2026-03-03,Rice,Chennai,182.3
2026-03-04,Rice,Chennai,173.2
2026-03-05,Rice,Chennai,148.1
2026-03-06,Rice,Chennai,190.8
2026-03-07,Rice,Chennai,225.5
2026-03-08,Rice,Chennai,182.6
2026-03-09,Rice,Chennai,124.9
2026-03-10,Rice,Chennai,159.3
2026-03-11,Rice,Chennai,154.3
2026-03-12,Rice,Chennai,167.9
2026-03-13,Rice,Chennai,234.9
2026-03-14,Rice,Chennai,198.7
2026-03-15,Rice,Chennai,127.6
2026-03-16,Rice,Chennai,167.3
2026-03-17,Rice,Chennai,179.6
2026-03-18,Rice,Chennai,154.3
2026-03-19,Rice,Chennai,148.3
2026-03-20,Rice,Chennai,200.1
2026-03-21,Rice,Chennai,219.5
2026-03-22,Rice,Chennai,152.3
2026-03-23,Rice,Chennai,164.1
2026-03-24,Rice,Chennai,159.6
2026-03-25,Rice,Chennai,158.1
2026-03-26,Rice,Chennai,169.8
2026-03-27,Rice,Chennai,200.0
2026-03-28,Rice,Chennai,200.7
2026-03-29,Rice,Chennai,171.4
2026-03-30,Rice,Chennai,144.6
2026-03-31,Rice,Chennai,146.2
2026-04-01,Rice,Chennai,140.5
2026-04-02,Rice,Chennai,172.2
2026-04-03,Rice,Chennai,205.7
2026-04-04,Rice,Chennai,187.5
2026-04-05,Rice,Chennai,172.2
2026-04-06,Rice,Chennai,151.0
2026-04-07,Rice,Chennai,146.3
2026-04-08,Rice,Chennai,156.4
2026-04-09,Rice,Chennai,181.4
2026-04-10,Rice,Chennai,201.0
2026-04-11,Rice,Chennai,215.5
2026-04-12,Rice,Chennai,170.0
2026-04-13,Rice,Chennai,165.7
2026-04-14,Rice,Chennai,178.0
2026-04-15,Rice,Chennai,148.3
2026-04-16,Rice,Chennai,143.1
2026-04-17,Rice,Chennai,190.3
2026-04-18,Rice,Chennai,204.0
2026-04-19,Rice,Chennai,144.3
2026-04-20,Rice,Chennai,160.6
2026-04-21,Rice,Chennai,159.4
2026-04-22,Rice,Chennai,173.4
2026-04-23,Rice,Chennai,162.4
2026-04-24,Rice,Chennai,199.0
2026-04-25,Rice,Chennai,211.2
2026-04-26,Rice,Chennai,142.1
2026-04-27,Rice,Chennai,156.9
2026-04-28,Rice,Chennai,162.1
2026-04-29,Rice,Chennai,159.0
2026-04-30,Rice,Chennai,163.2
2026-05-01,Rice,Chennai,194.1
2026-05-02,Rice,Chennai,220.8
2026-05-03,Rice,Chennai,183.7
2026-05-04,Rice,Chennai,132.2
2026-05-05,Rice,Chennai,137.8
2026-05-06,Rice,Chennai,156.5
2026-05-07,Rice,Chennai,151.8
2026-05-08,Rice,Chennai,230.5
2026-05-09,Rice,Chennai,205.1
2026-05-10,Rice,Chennai,175.9
2026-05-11,Rice,Chennai,124.0
2026-05-12,Rice,Chennai,166.7
2026-05-13,Rice,Chennai,143.6
2026-05-14,Rice,Chennai,143.1
2026-05-15,Rice,Chennai,196.2
2026-05-16,Rice,Chennai,178.3
2026-05-17,Rice,Chennai,160.0
2026-05-18,Rice,Chennai,155.9
2026-05-19,Rice,Chennai,156.8
2026-05-20,Rice,Chennai,165.8
2026-05-21,Rice,Chennai,175.0
2026-05-22,Rice,Chennai,192.1
2026-05-23,Rice,Chennai,204.4
2026-05-24,Rice,Chennai,155.8
2026-05-25,Rice,Chennai,156.8
2026-05-26,Rice,Chennai,156.8
2026-05-27,Rice,Chennai,174.4
2026-05-28,Rice,Chennai,143.4
2026-05-29,Rice,Chennai,172.1
2026-05-30,Rice,Chennai,184.1
2026-05-31,Rice,Chennai,160.7
2026-06-01,Rice,Chennai,149.4
2026-06-02,Rice,Chennai,141.7
2026-06-03,Rice,Chennai,132.3
2026-06-04,Rice,Chennai,151.4
2026-06-05,Rice,Chennai,201.8
2026-06-06,Rice,Chennai,196.3
2026-06-07,Rice,Chennai,143.4
2026-06-08,Rice,Chennai,149.0
2026-06-09,Rice,Chennai,148.6
2026-06-10,Rice,Chennai,149.0
2026-06-11,Rice,Chennai,128.1
2026-06-12,Rice,Chennai,192.1
2026-06-13,Rice,Chennai,182.1
2026-06-14,Rice,Chennai,160.4
2026-06-15,Rice,Chennai,146.5
2026-06-16,Rice,Chennai,156.7
2026-06-17,Rice,Chennai,139.3
2026-06-18,Rice,Chennai,139.4
2026-06-19,Rice,Chennai,208.4
2026-06-20,Rice,Chennai,192.1
2026-06-21,Rice,Chennai,131.7
2026-06-22,Rice,Chennai,155.5
2026-06-23,Rice,Chennai,133.7
2026-06-24,Rice,Chennai,144.7
2026-06-25,Rice,Chennai,168.5
2026-06-26,Rice,Chennai,161.3
2026-06-27,Rice,Chennai,179.7
2026-06-28,Rice,Chennai,146.0
2026-06-29,Rice,Chennai,151.0
2026-06-30,Rice,Chennai,120.6
2026-07-01,Rice,Chennai,115.8
2026-07-02,Rice,Chennai,154.8
2026-07-03,Rice,Chennai,168.7
2026-07-04,Rice,Chennai,167.6
2026-07-05,Rice,Chennai,160.6
2026-07-06,Rice,Chennai,138.1
2026-07-07,Rice,Chennai,137.8
2026-07-08,Rice,Chennai,133.6
2026-07-09,Rice,Chennai,117.6
2026-07-10,Rice,Chennai,186.4
2026-07-11,Rice,Chennai,182.0
2026-07-12,Rice,Chennai,137.4
2026-07-13,Rice,Chennai,132.8
2026-07-14,Rice,Chennai,129.8
2026-07-15,Rice,Chennai,147.5
2026-07-16,Rice,Chennai,131.4
2026-07-17,Rice,Chennai,172.1
2026-07-18,Rice,Chennai,180.6
2026-07-19,Rice,Chennai,135.6
2026-07-20,Rice,Chennai,156.8
2026-07-21,Rice,Chennai,105.4
2026-07-22,Rice,Chennai,136.0
2026-07-23,Rice,Chennai,120.5
2026-07-24,Rice,Chennai,155.9
2026-07-25,Rice,Chennai,162.7
2026-07-26,Rice,Chennai,130.9
2026-07-27,Rice,Chennai,131.3
2026-07-28,Rice,Chennai,106.7
2026-07-29,Rice,Chennai,121.0
2026-07-30,Rice,Chennai,133.1
2026-07-31,Rice,Chennai,153.9
2026-08-01,Rice,Chennai,150.0
2026-08-02,Rice,Chennai,94.1
2026-08-03,Rice,Chennai,117.7
2026-08-04,Rice,Chennai,110.1
2026-08-05,Rice,Chennai,112.2
2026-08-06,Rice,Chennai,122.6
2026-08-07,Rice,Chennai,155.3
2026-08-08,Rice,Chennai,146.5
2026-08-09,Rice,Chennai,94.1
2026-08-10,Rice,Chennai,130.1
2026-08-11,Rice,Chennai,136.6
2026-08-12,Rice,Chennai,119.1
2026-08-13,Rice,Chennai,120.8
2026-08-14,Rice,Chennai,161.9
2026-08-15,Rice,Chennai,185.2
2026-08-16,Rice,Chennai,100.5
2026-08-17,Rice,Chennai,117.5
2026-08-18,Rice,Chennai,97.6
2026-08-19,Rice,Chennai,128.7
2026-08-20,Rice,Chennai,120.8
2026-08-21,Rice,Chennai,162.6
2026-08-22,Rice,Chennai,161.6
2026-08-23,Rice,Chennai,137.2
2026-08-24,Rice,Chennai,130.2
2026-08-25,Rice,Chennai,134.3
2026-08-26,Rice,Chennai,105.7
2026-08-27,Rice,Chennai,139.4
2026-03-01,Rice,Coimbatore,156.0
2026-03-02,Rice,Coimbatore,143.9
2026-03-03,Rice,Coimbatore,146.0
2026-03-04,Rice,Coimbatore,169.1
2026-03-05,Rice,Coimbatore,145.3
2026-03-06,Rice,Coimbatore,180.6
2026-03-07,Rice,Coimbatore,182.8
2026-03-08,Rice,Coimbatore,183.1
2026-03-09,Rice,Coimbatore,147.8
2026-03-10,Rice,Coimbatore,130.2
2026-03-11,Rice,Coimbatore,124.2
2026-03-12,Rice,Coimbatore,141.5
2026-03-13,Rice,Coimbatore,193.3
2026-03-14,Rice,Coimbatore,210.7
2026-03-15,Rice,Coimbatore,164.0
2026-03-16,Rice,Coimbatore,151.2
2026-03-17,Rice,Coimbatore,144.6
2026-03-18,Rice,Coimbatore,156.6
2026-03-19,Rice,Coimbatore,125.3
2026-03-20,Rice,Coimbatore,226.8
2026-03-21,Rice,Coimbatore,207.0
2026-03-22,Rice,Coimbatore,164.8
2026-03-23,Rice,Coimbatore,135.7
2026-03-24,Rice,Coimbatore,171.1
2026-03-25,Rice,Coimbatore,145.0
2026-03-26,Rice,Coimbatore,137.7
2026-03-27,Rice,Coimbatore,197.0
2026-03-28,Rice,Coimbatore,196.7
2026-03-29,Rice,Coimbatore,135.8
2026-03-30,Rice,Coimbatore,138.6
2026-03-31,Rice,Coimbatore,137.5
2026-04-01,Rice,Coimbatore,137.6
2026-04-02,Rice,Coimbatore,146.2
2026-04-03,Rice,Coimbatore,176.8
2026-04-04,Rice,Coimbatore,187.3
2026-04-05,Rice,Coimbatore,167.7
2026-04-06,Rice,Coimbatore,164.3
2026-04-07,Rice,Coimbatore,136.2
2026-04-08,Rice,Coimbatore,166.3
2026-04-09,Rice,Coimbatore,122.4
2026-04-10,Rice,Coimbatore,233.8
2026-04-11,Rice,Coimbatore,216.8
2026-04-12,Rice,Coimbatore,143.3
2026-04-13,Rice,Coimbatore,157.4
2026-04-14,Rice,Coimbatore,130.6
2026-04-15,Rice,Coimbatore,152.4
2026-04-16,Rice,Coimbatore,148.7
2026-04-17,Rice,Coimbatore,184.2
2026-04-18,Rice,Coimbatore,189.6
2026-04-19,Rice,Coimbatore,142.6
2026-04-20,Rice,Coimbatore,134.1
2026-04-21,Rice,Coimbatore,138.1
2026-04-22,Rice,Coimbatore,129.2
2026-04-23,Rice,Coimbatore,163.5
2026-04-24,Rice,Coimbatore,181.7
2026-04-25,Rice,Coimbatore,177.2
2026-04-26,Rice,Coimbatore,162.9
2026-04-27,Rice,Coimbatore,155.7
2026-04-28,Rice,Coimbatore,162.1
2026-04-29,Rice,Coimbatore,163.6
2026-04-30,Rice,Coimbatore,178.7
2026-05-01,Rice,Coimbatore,192.0
2026-05-02,Rice,Coimbatore,172.3
2026-05-03,Rice,Coimbatore,153.2
2026-05-04,Rice,Coimbatore,139.0
2026-05-05,Rice,Coimbatore,134.4
2026-05-06,Rice,Coimbatore,150.1
2026-05-07,Rice,Coimbatore,161.4
2026-05-08,Rice,Coimbatore,180.1
2026-05-09,Rice,Coimbatore,211.5
2026-05-10,Rice,Coimbatore,133.0
2026-05-11,Rice,Coimbatore,143.9
2026-05-12,Rice,Coimbatore,153.2
2026-05-13,Rice,Coimbatore,141.3
2026-05-14,Rice,Coimbatore,120.3
2026-05-15,Rice,Coimbatore,204.6
2026-05-16,Rice,Coimbatore,181.0
2026-05-17,Rice,Coimbatore,157.4
2026-05-18,Rice,Coimbatore,127.0
2026-05-19,Rice,Coimbatore,129.3
2026-05-20,Rice,Coimbatore,158.4
2026-05-21,Rice,Coimbatore,150.3
2026-05-22,Rice,Coimbatore,181.9
2026-05-23,Rice,Coimbatore,193.4
2026-05-24,Rice,Coimbatore,130.1
2026-05-25,Rice,Coimbatore,145.8
2026-05-26,Rice,Coimbatore,145.8
2026-05-27,Rice,Coimbatore,138.0
2026-05-28,Rice,Coimbatore,130.8
2026-05-29,Rice,Coimbatore,187.0
2026-05-30,Rice,Coimbatore,184.8
2026-05-31,Rice,Coimbatore,135.5
2026-06-01,Rice,Coimbatore,126.7
2026-06-02,Rice,Coimbatore,142.1
2026-06-03,Rice,Coimbatore,134.6
2026-06-04,Rice,Coimbatore,125.7
2026-06-05,Rice,Coimbatore,183.9
2026-06-06,Rice,Coimbatore,207.0
2026-06-07,Rice,Coimbatore,134.8
2026-06-08,Rice,Coimbatore,162.5
2026-06-09,Rice,Coimbatore,171.4
2026-06-10,Rice,Coimbatore,125.1
2026-06-11,Rice,Coimbatore,139.2
2026-06-12,Rice,Coimbatore,211.9
2026-06-13,Rice,Coimbatore,178.1
2026-06-14,Rice,Coimbatore,138.7
2026-06-15,Rice,Coimbatore,112.7
2026-06-16,Rice,Coimbatore,129.5
2026-06-17,Rice,Coimbatore,145.5
2026-06-18,Rice,Coimbatore,173.2
2026-06-19,Rice,Coimbatore,174.5
2026-06-20,Rice,Coimbatore,152.0
2026-06-21,Rice,Coimbatore,114.7
2026-06-22,Rice,Coimbatore,134.9
2026-06-23,Rice,Coimbatore,152.8
2026-06-24,Rice,Coimbatore,144.3
2026-06-25,Rice,Coimbatore,141.3
2026-06-26,Rice,Coimbatore,194.0
2026-06-27,Rice,Coimbatore,163.1
2026-06-28,Rice,Coimbatore,133.7
2026-06-29,Rice,Coimbatore,125.3
2026-06-30,Rice,Coimbatore,128.7
2026-07-01,Rice,Coimbatore,117.3
2026-07-02,Rice,Coimbatore,126.9
2026-07-03,Rice,Coimbatore,170.8
2026-07-04,Rice,Coimbatore,165.2
2026-07-05,Rice,Coimbatore,128.6
2026-07-06,Rice,Coimbatore,136.8
2026-07-07,Rice,Coimbatore,148.9
2026-07-08,Rice,Coimbatore,149.7
2026-07-09,Rice,Coimbatore,141.1
2026-07-10,Rice,Coimbatore,149.2
2026-07-11,Rice,Coimbatore,162.3
2026-07-12,Rice,Coimbatore,124.5
2026-07-13,Rice,Coimbatore,118.5
2026-07-14,Rice,Coimbatore,133.1
2026-07-15,Rice,Coimbatore,103.7
2026-07-16,Rice,Coimbatore,152.7
2026-07-17,Rice,Coimbatore,183.0
2026-07-18,Rice,Coimbatore,171.8
2026-07-19,Rice,Coimbatore,125.4
2026-07-20,Rice,Coimbatore,144.4
2026-07-21,Rice,Coimbatore,136.0
2026-07-22,Rice,Coimbatore,142.0
2026-07-23,Rice,Coimbatore,124.2
2026-07-24,Rice,Coimbatore,189.0
2026-07-25,Rice,Coimbatore,179.2
2026-07-26,Rice,Coimbatore,131.7
2026-07-27,Rice,Coimbatore,142.6
2026-07-28,Rice,Coimbatore,117.2
2026-07-29,Rice,Coimbatore,105.7
2026-07-30,Rice,Coimbatore,127.7
2026-07-31,Rice,Coimbatore,158.5
2026-08-01,Rice,Coimbatore,156.0
2026-08-02,Rice,Coimbatore,140.2
2026-08-03,Rice,Coimbatore,124.2
2026-08-04,Rice,Coimbatore,125.4
2026-08-05,Rice,Coimbatore,116.2
2026-08-06,Rice,Coimbatore,134.1
2026-08-07,Rice,Coimbatore,167.3
2026-08-08,Rice,Coimbatore,169.5
2026-08-09,Rice,Coimbatore,112.6
2026-08-10,Rice,Coimbatore,139.3
2026-08-11,Rice,Coimbatore,147.1
2026-08-12,Rice,Coimbatore,131.9
2026-08-13,Rice,Coimbatore,106.8
2026-08-14,Rice,Coimbatore,142.3
2026-08-15,Rice,Coimbatore,148.4
2026-08-16,Rice,Coimbatore,109.8
2026-08-17,Rice,Coimbatore,116.9
2026-08-18,Rice,Coimbatore,127.2
2026-08-19,Rice,Coimbatore,121.9
2026-08-20,Rice,Coimbatore,120.3
2026-08-21,Rice,Coimbatore,148.6
2026-08-22,Rice,Coimbatore,150.8
2026-08-23,Rice,Coimbatore,128.6
2026-08-24,Rice,Coimbatore,86.3
2026-08-25,Rice,Coimbatore,116.1
2026-08-26,Rice,Coimbatore,120.3
2026-08-27,Rice,Coimbatore,127.6
2026-03-01,Rice,Madurai,165.4
2026-03-02,Rice,Madurai,151.1
2026-03-03,Rice,Madurai,138.9
2026-03-04,Rice,Madurai,159.0
2026-03-05,Rice,Madurai,158.4
2026-03-06,Rice,Madurai,217.5
2026-03-07,Rice,Madurai,197.2
2026-03-08,Rice,Madurai,174.9
2026-03-09,Rice,Madurai,149.0
2026-03-10,Rice,Madurai,137.1
2026-03-11,Rice,Madurai,140.4
2026-03-12,Rice,Madurai,156.6
2026-03-13,Rice,Madurai,203.9
2026-03-14,Rice,Madurai,210.0
2026-03-15,Rice,Madurai,156.5
2026-03-16,Rice,Madurai,172.6
2026-03-17,Rice,Madurai,154.1
2026-03-18,Rice,Madurai,128.2
2026-03-19,Rice,Madurai,156.4
2026-03-20,Rice,Madurai,175.7
2026-03-21,Rice,Madurai,210.0
2026-03-22,Rice,Madurai,174.3
2026-03-23,Rice,Madurai,143.7
2026-03-24,Rice,Madurai,179.8
2026-03-25,Rice,Madurai,171.2
2026-03-26,Rice,Madurai,176.7
2026-03-27,Rice,Madurai,209.1
2026-03-28,Rice,Madurai,191.4
2026-03-29,Rice,Madurai,170.4
2026-03-30,Rice,Madurai,149.4
2026-03-31,Rice,Madurai,160.5
2026-04-01,Rice,Madurai,156.2
2026-04-02,Rice,Madurai,175.6
2026-04-03,Rice,Madurai,217.3
2026-04-04,Rice,Madurai,205.1
2026-04-05,Rice,Madurai,129.4
2026-04-06,Rice,Madurai,149.2
2026-04-07,Rice,Madurai,169.2
2026-04-08,Rice,Madurai,162.8
2026-04-09,Rice,Madurai,136.0
2026-04-10,Rice,Madurai,179.0
2026-04-11,Rice,Madurai,208.9
2026-04-12,Rice,Madurai,142.5
2026-04-13,Rice,Madurai,143.9
2026-04-14,Rice,Madurai,168.3
2026-04-15,Rice,Madurai,176.2
2026-04-16,Rice,Madurai,146.8
2026-04-17,Rice,Madurai,204.7
2026-04-18,Rice,Madurai,204.2
2026-04-19,Rice,Madurai,155.3
2026-04-20,Rice,Madurai,158.3
2026-04-21,Rice,Madurai,168.9
2026-04-22,Rice,Madurai,147.3
2026-04-23,Rice,Madurai,134.4
2026-04-24,Rice,Madurai,229.7
2026-04-25,Rice,Madurai,220.5
2026-04-26,Rice,Madurai,140.4
2026-04-27,Rice,Madurai,158.8
2026-04-28,Rice,Madurai,171.8
2026-04-29,Rice,Madurai,167.7
2026-04-30,Rice,Madurai,163.2
2026-05-01,Rice,Madurai,200.4
2026-05-02,Rice,Madurai,228.6
2026-05-03,Rice,Madurai,159.1
2026-05-04,Rice,Madurai,147.8
2026-05-05,Rice,Madurai,168.4
2026-05-06,Rice,Madurai,156.6
2026-05-07,Rice,Madurai,160.2
2026-05-08,Rice,Madurai,204.2
2026-05-09,Rice,Madurai,208.3
2026-05-10,Rice,Madurai,139.6
2026-05-11,Rice,Madurai,132.3
2026-05-12,Rice,Madurai,175.4
2026-05-13,Rice,Madurai,157.4
2026-05-14,Rice,Madurai,165.0
2026-05-15,Rice,Madurai,172.7
2026-05-16,Rice,Madurai,214.8
2026-05-17,Rice,Madurai,144.8
2026-05-18,Rice,Madurai,140.3
2026-05-19,Rice,Madurai,151.2
2026-05-20,Rice,Madurai,137.2
2026-05-21,Rice,Madurai,151.6
2026-05-22,Rice,Madurai,194.7
2026-05-23,Rice,Madurai,212.3
2026-05-24,Rice,Madurai,173.5
2026-05-25,Rice,Madurai,172.7
2026-05-26,Rice,Madurai,116.3
2026-05-27,Rice,Madurai,135.9
2026-05-28,Rice,Madurai,115.5
2026-05-29,Rice,Madurai,176.2
2026-05-30,Rice,Madurai,184.0
2026-05-31,Rice,Madurai,154.9
2026-06-01,Rice,Madurai,140.6
2026-06-02,Rice,Madurai,140.7
2026-06-03,Rice,Madurai,150.5
2026-06-04,Rice,Madurai,121.8
2026-06-05,Rice,Madurai,178.7
2026-06-06,Rice,Madurai,183.4
2026-06-07,Rice,Madurai,143.5
2026-06-08,Rice,Madurai,147.4
2026-06-09,Rice,Madurai,168.4
2026-06-10,Rice,Madurai,159.2
2026-06-11,Rice,Madurai,133.7
2026-06-12,Rice,Madurai,184.4
2026-06-13,Rice,Madurai,183.0
2026-06-14,Rice,Madurai,136.5
2026-06-15,Rice,Madurai,147.9
2026-06-16,Rice,Madurai,115.6
2026-06-17,Rice,Madurai,156.4
2026-06-18,Rice,Madurai,168.2
2026-06-19,Rice,Madurai,181.2
2026-06-20,Rice,Madurai,180.4
2026-06-21,Rice,Madurai,144.1
2026-06-22,Rice,Madurai,156.7
2026-06-23,Rice,Madurai,136.2
2026-06-24,Rice,Madurai,154.7
2026-06-25,Rice,Madurai,147.7
2026-06-26,Rice,Madurai,217.4
2026-06-27,Rice,Madurai,176.6
2026-06-28,Rice,Madurai,109.7
2026-06-29,Rice,Madurai,117.4
2026-06-30,Rice,Madurai,138.8
2026-07-01,Rice,Madurai,153.6
2026-07-02,Rice,Madurai,128.1
2026-07-03,Rice,Madurai,175.3
2026-07-04,Rice,Madurai,188.6
2026-07-05,Rice,Madurai,122.3
2026-07-06,Rice,Madurai,127.3
2026-07-07,Rice,Madurai,118.6
2026-07-08,Rice,Madurai,153.4
2026-07-09,Rice,Madurai,158.5
2026-07-10,Rice,Madurai,151.8
2026-07-11,Rice,Madurai,172.9
2026-07-12,Rice,Madurai,155.4
2026-07-13,Rice,Madurai,140.0
2026-07-14,Rice,Madurai,126.3
2026-07-15,Rice,Madurai,110.1
2026-07-16,Rice,Madurai,150.2
2026-07-17,Rice,Madurai,177.8
2026-07-18,Rice,Madurai,149.8
2026-07-19,Rice,Madurai,149.8
2026-07-20,Rice,Madurai,107.6
2026-07-21,Rice,Madurai,127.9
2026-07-22,Rice,Madurai,126.9
2026-07-23,Rice,Madurai,154.8
2026-07-24,Rice,Madurai,165.4
2026-07-25,Rice,Madurai,164.9
2026-07-26,Rice,Madurai,109.1
2026-07-27,Rice,Madurai,119.6
2026-07-28,Rice,Madurai,116.7
2026-07-29,Rice,Madurai,117.1
2026-07-30,Rice,Madurai,128.4
2026-07-31,Rice,Madurai,129.9
2026-08-01,Rice,Madurai,143.3
2026-08-02,Rice,Madurai,125.7
2026-08-03,Rice,Madurai,128.9
2026-08-04,Rice,Madurai,123.3
2026-08-05,Rice,Madurai,125.8
2026-08-06,Rice,Madurai,120.0
2026-08-07,Rice,Madurai,163.4
2026-08-08,Rice,Madurai,169.8
2026-08-09,Rice,Madurai,131.7
2026-08-10,Rice,Madurai,114.7
2026-08-11,Rice,Madurai,138.5
2026-08-12,Rice,Madurai,126.8
2026-08-13,Rice,Madurai,142.7
2026-08-14,Rice,Madurai,182.6
2026-08-15,Rice,Madurai,139.2
2026-08-16,Rice,Madurai,110.6
2026-08-17,Rice,Madurai,135.4
2026-08-18,Rice,Madurai,98.0
2026-08-19,Rice,Madurai,144.0
2026-08-20,Rice,Madurai,117.3
2026-08-21,Rice,Madurai,167.5
2026-08-22,Rice,Madurai,156.9
2026-08-23,Rice,Madurai,100.9
2026-08-24,Rice,Madurai,137.4
2026-08-25,Rice,Madurai,162.6
2026-08-26,Rice,Madurai,113.4
2026-08-27,Rice,Madurai,116.1
2026-03-01,Rice,Trichy,241.1
2026-03-02,Rice,Trichy,240.1
2026-03-03,Rice,Trichy,233.3
2026-03-04,Rice,Trichy,246.6
2026-03-05,Rice,Trichy,203.6
2026-03-06,Rice,Trichy,294.7
2026-03-07,Rice,Trichy,286.1
2026-03-08,Rice,Trichy,267.5
2026-03-09,Rice,Trichy,244.6
2026-03-10,Rice,Trichy,232.9
2026-03-11,Rice,Trichy,246.0
2026-03-12,Rice,Trichy,251.2
2026-03-13,Rice,Trichy,321.6
2026-03-14,Rice,Trichy,319.1
2026-03-15,Rice,Trichy,231.0
2026-03-16,Rice,Trichy,227.6
2026-03-17,Rice,Trichy,220.8
2026-03-18,Rice,Trichy,242.9
2026-03-19,Rice,Trichy,233.1
2026-03-20,Rice,Trichy,300.0
2026-03-21,Rice,Trichy,299.4
2026-03-22,Rice,Trichy,257.6
2026-03-23,Rice,Trichy,250.2
2026-03-24,Rice,Trichy,263.5
2026-03-25,Rice,Trichy,244.0
2026-03-26,Rice,Trichy,237.0
2026-03-27,Rice,Trichy,306.7
2026-03-28,Rice,Trichy,291.8
2026-03-29,Rice,Trichy,217.3
2026-03-30,Rice,Trichy,243.9
2026-03-31,Rice,Trichy,222.3
2026-04-01,Rice,Trichy,239.5
2026-04-02,Rice,Trichy,253.0
2026-04-03,Rice,Trichy,297.2
2026-04-04,Rice,Trichy,337.3
2026-04-05,Rice,Trichy,221.4
2026-04-06,Rice,Trichy,251.1
2026-04-07,Rice,Trichy,242.5
2026-04-08,Rice,Trichy,254.0
2026-04-09,Rice,Trichy,219.3
2026-04-10,Rice,Trichy,341.3
2026-04-11,Rice,Trichy,304.0
2026-04-12,Rice,Trichy,245.9
2026-04-13,Rice,Trichy,257.3
2026-04-14,Rice,Trichy,226.5
2026-04-15,Rice,Trichy,247.8
2026-04-16,Rice,Trichy,223.7
2026-04-17,Rice,Trichy,326.7
2026-04-18,Rice,Trichy,294.1
2026-04-19,Rice,Trichy,235.5
2026-04-20,Rice,Trichy,239.3
2026-04-21,Rice,Trichy,246.3
2026-04-22,Rice,Trichy,263.9
2026-04-23,Rice,Trichy,227.4
2026-04-24,Rice,Trichy,321.2
2026-04-25,Rice,Trichy,333.4
2026-04-26,Rice,Trichy,236.0
2026-04-27,Rice,Trichy,225.1
2026-04-28,Rice,Trichy,207.1
2026-04-29,Rice,Trichy,261.1
2026-04-30,Rice,Trichy,228.9
2026-05-01,Rice,Trichy,287.0
2026-05-02,Rice,Trichy,281.3
2026-05-03,Rice,Trichy,216.8
2026-05-04,Rice,Trichy,245.3
2026-05-05,Rice,Trichy,247.1
2026-05-06,Rice,Trichy,240.7
2026-05-07,Rice,Trichy,232.6
2026-05-08,Rice,Trichy,280.8
2026-05-09,Rice,Trichy,288.1
2026-05-10,Rice,Trichy,213.1
2026-05-11,Rice,Trichy,238.0
2026-05-12,Rice,Trichy,213.1
2026-05-13,Rice,Trichy,218.0
2026-05-14,Rice,Trichy,225.6
2026-05-15,Rice,Trichy,271.3
2026-05-16,Rice,Trichy,296.6
2026-05-17,Rice,Trichy,225.6
2026-05-18,Rice,Trichy,244.6
2026-05-19,Rice,Trichy,214.2
2026-05-20,Rice,Trichy,206.6
2026-05-21,Rice,Trichy,220.1
2026-05-22,Rice,Trichy,276.4
2026-05-23,Rice,Trichy,292.9
2026-05-24,Rice,Trichy,196.5
2026-05-25,Rice,Trichy,214.9
2026-05-26,Rice,Trichy,209.7
2026-05-27,Rice,Trichy,231.7
2026-05-28,Rice,Trichy,210.6
2026-05-29,Rice,Trichy,262.9
2026-05-30,Rice,Trichy,285.4
2026-05-31,Rice,Trichy,226.2
2026-06-01,Rice,Trichy,216.9
2026-06-02,Rice,Trichy,211.3
2026-06-03,Rice,Trichy,209.9
2026-06-04,Rice,Trichy,221.2
2026-06-05,Rice,Trichy,271.4
2026-06-06,Rice,Trichy,279.2
2026-06-07,Rice,Trichy,229.4
2026-06-08,Rice,Trichy,198.1
2026-06-09,Rice,Trichy,216.5
2026-06-10,Rice,Trichy,189.8
2026-06-11,Rice,Trichy,219.6
2026-06-12,Rice,Trichy,265.6
2026-06-13,Rice,Trichy,295.0
2026-06-14,Rice,Trichy,192.5
2026-06-15,Rice,Trichy,220.8
2026-06-16,Rice,Trichy,231.9
2026-06-17,Rice,Trichy,197.6
2026-06-18,Rice,Trichy,199.7
2026-06-19,Rice,Trichy,261.5
2026-06-20,Rice,Trichy,267.7
2026-06-21,Rice,Trichy,218.8
2026-06-22,Rice,Trichy,202.0
2026-06-23,Rice,Trichy,193.2
2026-06-24,Rice,Trichy,179.2
2026-06-25,Rice,Trichy,233.0
2026-06-26,Rice,Trichy,296.1
2026-06-27,Rice,Trichy,278.6
2026-06-28,Rice,Trichy,195.2
2026-06-29,Rice,Trichy,218.0
2026-06-30,Rice,Trichy,220.5
2026-07-01,Rice,Trichy,201.9
2026-07-02,Rice,Trichy,205.8
2026-07-03,Rice,Trichy,284.6
2026-07-04,Rice,Trichy,240.8
2026-07-05,Rice,Trichy,218.6
2026-07-06,Rice,Trichy,198.5
2026-07-07,Rice,Trichy,185.9
2026-07-08,Rice,Trichy,186.6
2026-07-09,Rice,Trichy,188.5
2026-07-10,Rice,Trichy,243.1
2026-07-11,Rice,Trichy,287.2
2026-07-12,Rice,Trichy,207.3
2026-07-13,Rice,Trichy,215.4
2026-07-14,Rice,Trichy,207.3
2026-07-15,Rice,Trichy,199.3
2026-07-16,Rice,Trichy,199.0
2026-07-17,Rice,Trichy,250.6
2026-07-18,Rice,Trichy,251.2
2026-07-19,Rice,Trichy,175.2
2026-07-20,Rice,Trichy,212.1
2026-07-21,Rice,Trichy,168.1
2026-07-22,Rice,Trichy,179.0
2026-07-23,Rice,Trichy,224.5
2026-07-24,Rice,Trichy,254.0
2026-07-25,Rice,Trichy,254.0
2026-07-26,Rice,Trichy,202.4
2026-07-27,Rice,Trichy,169.3
2026-07-28,Rice,Trichy,171.0
2026-07-29,Rice,Trichy,184.8
2026-07-30,Rice,Trichy,177.4
2026-07-31,Rice,Trichy,246.5
2026-08-01,Rice,Trichy,254.3
2026-08-02,Rice,Trichy,210.4
2026-08-03,Rice,Trichy,201.3
2026-08-04,Rice,Trichy,173.8
2026-08-05,Rice,Trichy,182.6
2026-08-06,Rice,Trichy,178.1
2026-08-07,Rice,Trichy,228.3
2026-08-08,Rice,Trichy,224.4
2026-08-09,Rice,Trichy,211.5
2026-08-10,Rice,Trichy,186.3
2026-08-11,Rice,Trichy,182.3
2026-08-12,Rice,Trichy,192.6
2026-08-13,Rice,Trichy,192.9
2026-08-14,Rice,Trichy,256.6
2026-08-15,Rice,Trichy,228.2
2026-08-16,Rice,Trichy,189.8
2026-08-17,Rice,Trichy,169.7
2026-08-18,Rice,Trichy,180.1
2026-08-19,Rice,Trichy,183.5
2026-08-20,Rice,Trichy,184.6
2026-08-21,Rice,Trichy,238.2
2026-08-22,Rice,Trichy,248.1
2026-08-23,Rice,Trichy,172.3
2026-08-24,Rice,Trichy,183.7
2026-08-25,Rice,Trichy,169.2
2026-08-26,Rice,Trichy,224.1
2026-08-27,Rice,Trichy,166.3
2026-03-01,Rice,Salem,237.7
2026-03-02,Rice,Salem,239.4
2026-03-03,Rice,Salem,240.1
2026-03-04,Rice,Salem,230.2
2026-03-05,Rice,Salem,228.1
2026-03-06,Rice,Salem,302.3
2026-03-07,Rice,Salem,287.7
2026-03-08,Rice,Salem,245.5
2026-03-09,Rice,Salem,222.9
2026-03-10,Rice,Salem,219.2
2026-03-11,Rice,Salem,235.1
2026-03-12,Rice,Salem,233.6
2026-03-13,Rice,Salem,310.1
2026-03-14,Rice,Salem,298.1
2026-03-15,Rice,Salem,230.1
2026-03-16,Rice,Salem,246.6
2026-03-17,Rice,Salem,245.8
2026-03-18,Rice,Salem,245.3
2026-03-19,Rice,Salem,237.1
2026-03-20,Rice,Salem,310.2
2026-03-21,Rice,Salem,311.3
2026-03-22,Rice,Salem,227.1
2026-03-23,Rice,Salem,259.1
2026-03-24,Rice,Salem,257.0
2026-03-25,Rice,Salem,249.0
2026-03-26,Rice,Salem,230.8
2026-03-27,Rice,Salem,316.5
2026-03-28,Rice,Salem,323.2
2026-03-29,Rice,Salem,219.0
2026-03-30,Rice,Salem,262.8
2026-03-31,Rice,Salem,211.3
2026-04-01,Rice,Salem,247.9
2026-04-02,Rice,Salem,259.2
2026-04-03,Rice,Salem,306.9
2026-04-04,Rice,Salem,306.3
2026-04-05,Rice,Salem,247.3
2026-04-06,Rice,Salem,265.0
2026-04-07,Rice,Salem,233.0
2026-04-08,Rice,Salem,225.5
2026-04-09,Rice,Salem,230.7
2026-04-10,Rice,Salem,284.8
2026-04-11,Rice,Salem,321.5
2026-04-12,Rice,Salem,229.1
2026-04-13,Rice,Salem,233.6
2026-04-14,Rice,Salem,250.3
2026-04-15,Rice,Salem,230.9
2026-04-16,Rice,Salem,247.8
2026-04-17,Rice,Salem,291.5
2026-04-18,Rice,Salem,321.3
2026-04-19,Rice,Salem,241.1
2026-04-20,Rice,Salem,234.4
2026-04-21,Rice,Salem,237.6
2026-04-22,Rice,Salem,216.1
2026-04-23,Rice,Salem,236.8
2026-04-24,Rice,Salem,303.4
2026-04-25,Rice,Salem,286.4
2026-04-26,Rice,Salem,224.5
2026-04-27,Rice,Salem,232.4
2026-04-28,Rice,Salem,225.0
2026-04-29,Rice,Salem,197.7
2026-04-30,Rice,Salem,249.8
2026-05-01,Rice,Salem,301.3
2026-05-02,Rice,Salem,269.0
2026-05-03,Rice,Salem,264.9
2026-05-04,Rice,Salem,251.2
2026-05-05,Rice,Salem,227.1
2026-05-06,Rice,Salem,219.4
2026-05-07,Rice,Salem,237.7
2026-05-08,Rice,Salem,303.8
2026-05-09,Rice,Salem,308.5
2026-05-10,Rice,Salem,218.1
2026-05-11,Rice,Salem,246.9
2026-05-12,Rice,Salem,223.0
2026-05-13,Rice,Salem,239.9
2026-05-14,Rice,Salem,217.4
2026-05-15,Rice,Salem,337.4
2026-05-16,Rice,Salem,307.7
2026-05-17,Rice,Salem,271.5
2026-05-18,Rice,Salem,240.3
2026-05-19,Rice,Salem,219.1
2026-05-20,Rice,Salem,239.5
2026-05-21,Rice,Salem,240.2
2026-05-22,Rice,Salem,299.8
2026-05-23,Rice,Salem,303.1
2026-05-24,Rice,Salem,236.9
2026-05-25,Rice,Salem,210.1
2026-05-26,Rice,Salem,208.6
2026-05-27,Rice,Salem,212.3
2026-05-28,Rice,Salem,225.7
2026-05-29,Rice,Salem,286.9
2026-05-30,Rice,Salem,275.1
2026-05-31,Rice,Salem,234.0
2026-06-01,Rice,Salem,226.2
2026-06-02,Rice,Salem,224.0
2026-06-03,Rice,Salem,217.1
2026-06-04,Rice,Salem,214.9
2026-06-05,Rice,Salem,273.4
2026-06-06,Rice,Salem,299.4
2026-06-07,Rice,Salem,208.5
2026-06-08,Rice,Salem,221.7
2026-06-09,Rice,Salem,243.0
2026-06-10,Rice,Salem,212.6
2026-06-11,Rice,Salem,231.5
2026-06-12,Rice,Salem,290.1
2026-06-13,Rice,Salem,285.6
2026-06-14,Rice,Salem,222.1
2026-06-15,Rice,Salem,213.7
2026-06-16,Rice,Salem,215.1
2026-06-17,Rice,Salem,205.8
2026-06-18,Rice,Salem,214.2
2026-06-19,Rice,Salem,268.2
2026-06-20,Rice,Salem,291.3
2026-06-21,Rice,Salem,186.5
2026-06-22,Rice,Salem,218.7
2026-06-23,Rice,Salem,216.0
2026-06-24,Rice,Salem,214.1
2026-06-25,Rice,Salem,225.2
2026-06-26,Rice,Salem,267.8
2026-06-27,Rice,Salem,275.3
2026-06-28,Rice,Salem,182.5
2026-06-29,Rice,Salem,201.5
2026-06-30,Rice,Salem,220.0
2026-07-01,Rice,Salem,186.6
2026-07-02,Rice,Salem,208.5
2026-07-03,Rice,Salem,257.1
2026-07-04,Rice,Salem,264.9
2026-07-05,Rice,Salem,195.3
2026-07-06,Rice,Salem,185.3
2026-07-07,Rice,Salem,209.3
2026-07-08,Rice,Salem,202.2
2026-07-09,Rice,Salem,211.6
2026-07-10,Rice,Salem,274.4
2026-07-11,Rice,Salem,280.2
2026-07-12,Rice,Salem,202.8
2026-07-13,Rice,Salem,219.4
2026-07-14,Rice,Salem,185.2
2026-07-15,Rice,Salem,212.9
2026-07-16,Rice,Salem,205.7
2026-07-17,Rice,Salem,261.2
2026-07-18,Rice,Salem,263.7
2026-07-19,Rice,Salem,182.8
2026-07-20,Rice,Salem,178.8
2026-07-21,Rice,Salem,221.9
2026-07-22,Rice,Salem,193.2
2026-07-23,Rice,Salem,192.5
2026-07-24,Rice,Salem,236.6
2026-07-25,Rice,Salem,230.3
2026-07-26,Rice,Salem,192.4
2026-07-27,Rice,Salem,188.1
2026-07-28,Rice,Salem,192.8
2026-07-29,Rice,Salem,193.6
2026-07-30,Rice,Salem,229.2
2026-07-31,Rice,Salem,243.7
2026-08-01,Rice,Salem,271.9
2026-08-02,Rice,Salem,215.1
2026-08-03,Rice,Salem,201.3
2026-08-04,Rice,Salem,186.0
2026-08-05,Rice,Salem,168.7
2026-08-06,Rice,Salem,195.8
2026-08-07,Rice,Salem,260.0
2026-08-08,Rice,Salem,270.3
2026-08-09,Rice,Salem,173.1
2026-08-10,Rice,Salem,183.3
2026-08-11,Rice,Salem,172.4
2026-08-12,Rice,Salem,176.6
2026-08-13,Rice,Salem,195.7
2026-08-14,Rice,Salem,230.7
2026-08-15,Rice,Salem,228.1
2026-08-16,Rice,Salem,196.5
2026-08-17,Rice,Salem,191.0
2026-08-18,Rice,Salem,189.1
2026-08-19,Rice,Salem,173.7
2026-08-20,Rice,Salem,202.5
2026-08-21,Rice,Salem,237.8
2026-08-22,Rice,Salem,272.8
2026-08-23,Rice,Salem,184.5
2026-08-24,Rice,Salem,146.8
2026-08-25,Rice,Salem,145.8
2026-08-26,Rice,Salem,190.5
2026-08-27,Rice,Salem,200.3
2026-03-01,Brinjal,Chennai,276.3
2026-03-02,Brinjal,Chennai,254.8
2026-03-03,Brinjal,Chennai,260.0
2026-03-04,Brinjal,Chennai,265.6
2026-03-05,Brinjal,Chennai,280.8
2026-03-06,Brinjal,Chennai,338.7
2026-03-07,Brinjal,Chennai,331.6
2026-03-08,Brinjal,Chennai,263.3
2026-03-09,Brinjal,Chennai,261.5
2026-03-10,Brinjal,Chennai,267.5
2026-03-11,Brinjal,Chennai,230.3
2026-03-12,Brinjal,Chennai,258.8
2026-03-13,Brinjal,Chennai,337.4
2026-03-14,Brinjal,Chennai,329.6
2026-03-15,Brinjal,Chennai,266.3
2026-03-16,Brinjal,Chennai,283.6
2026-03-17,Brinjal,Chennai,257.0
2026-03-18,Brinjal,Chennai,265.4
2026-03-19,Brinjal,Chennai,279.3
2026-03-20,Brinjal,Chennai,334.3
2026-03-21,Brinjal,Chennai,318.7
2026-03-22,Brinjal,Chennai,264.8
2026-03-23,Brinjal,Chennai,222.6
2026-03-24,Brinjal,Chennai,221.2
2026-03-25,Brinjal,Chennai,260.8
2026-03-26,Brinjal,Chennai,220.7
2026-03-27,Brinjal,Chennai,313.0
2026-03-28,Brinjal,Chennai,327.0
2026-03-29,Brinjal,Chennai,245.2
2026-03-30,Brinjal,Chennai,253.8
2026-03-31,Brinjal,Chennai,272.7
2026-04-01,Brinjal,Chennai,259.6
2026-04-02,Brinjal,Chennai,243.5
2026-04-03,Brinjal,Chennai,353.2
2026-04-04,Brinjal,Chennai,311.4
2026-04-05,Brinjal,Chennai,259.3
2026-04-06,Brinjal,Chennai,232.8
2026-04-07,Brinjal,Chennai,259.7
2026-04-08,Brinjal,Chennai,251.0
2026-04-09,Brinjal,Chennai,272.0
2026-04-10,Brinjal,Chennai,343.2
2026-04-11,Brinjal,Chennai,323.4
2026-04-12,Brinjal,Chennai,243.8
2026-04-13,Brinjal,Chennai,250.6
2026-04-14,Brinjal,Chennai,283.4
2026-04-15,Brinjal,Chennai,279.4
2026-04-16,Brinjal,Chennai,240.5
2026-04-17,Brinjal,Chennai,343.3
2026-04-18,Brinjal,Chennai,305.1
2026-04-19,Brinjal,Chennai,247.8
2026-04-20,Brinjal,Chennai,240.4
2026-04-21,Brinjal,Chennai,270.2
2026-04-22,Brinjal,Chennai,234.6
2026-04-23,Brinjal,Chennai,260.2
2026-04-24,Brinjal,Chennai,329.6
2026-04-25,Brinjal,Chennai,326.7
2026-04-26,Brinjal,Chennai,278.1
2026-04-27,Brinjal,Chennai,279.2
2026-04-28,Brinjal,Chennai,250.4
2026-04-29,Brinjal,Chennai,247.1
2026-04-30,Brinjal,Chennai,229.4
2026-05-01,Brinjal,Chennai,327.2
2026-05-02,Brinjal,Chennai,356.2
2026-05-03,Brinjal,Chennai,249.3
2026-05-04,Brinjal,Chennai,261.8
2026-05-05,Brinjal,Chennai,229.6
2026-05-06,Brinjal,Chennai,243.7
2026-05-07,Brinjal,Chennai,256.9
2026-05-08,Brinjal,Chennai,326.0
2026-05-09,Brinjal,Chennai,336.4
2026-05-10,Brinjal,Chennai,239.8
2026-05-11,Brinjal,Chennai,222.3
2026-05-12,Brinjal,Chennai,265.0
2026-05-13,Brinjal,Chennai,233.7
2026-05-14,Brinjal,Chennai,255.0
2026-05-15,Brinjal,Chennai,327.9
2026-05-16,Brinjal,Chennai,295.6
2026-05-17,Brinjal,Chennai,262.0
2026-05-18,Brinjal,Chennai,237.3
2026-05-19,Brinjal,Chennai,246.2
2026-05-20,Brinjal,Chennai,239.6
2026-05-21,Brinjal,Chennai,268.9
2026-05-22,Brinjal,Chennai,337.5
2026-05-23,Brinjal,Chennai,289.6
2026-05-24,Brinjal,Chennai,277.1
2026-05-25,Brinjal,Chennai,232.6
2026-05-26,Brinjal,Chennai,273.8
2026-05-27,Brinjal,Chennai,238.0
2026-05-28,Brinjal,Chennai,236.2
2026-05-29,Brinjal,Chennai,309.4
2026-05-30,Brinjal,Chennai,306.5
2026-05-31,Brinjal,Chennai,277.8
2026-06-01,Brinjal,Chennai,238.2
2026-06-02,Brinjal,Chennai,234.4
2026-06-03,Brinjal,Chennai,239.5
2026-06-04,Brinjal,Chennai,223.4
2026-06-05,Brinjal,Chennai,332.5
2026-06-06,Brinjal,Chennai,285.8
2026-06-07,Brinjal,Chennai,227.1
2026-06-08,Brinjal,Chennai,249.8
2026-06-09,Brinjal,Chennai,235.9
2026-06-10,Brinjal,Chennai,243.0
2026-06-11,Brinjal,Chennai,257.2
2026-06-12,Brinjal,Chennai,318.8
2026-06-13,Brinjal,Chennai,305.1
2026-06-14,Brinjal,Chennai,263.9
2026-06-15,Brinjal,Chennai,222.6
2026-06-16,Brinjal,Chennai,230.0
2026-06-17,Brinjal,Chennai,230.4
2026-06-18,Brinjal,Chennai,228.8
2026-06-19,Brinjal,Chennai,282.7
2026-06-20,Brinjal,Chennai,274.2
2026-06-21,Brinjal,Chennai,234.9
2026-06-22,Brinjal,Chennai,218.6
2026-06-23,Brinjal,Chennai,256.1
2026-06-24,Brinjal,Chennai,225.9
2026-06-25,Brinjal,Chennai,222.6
2026-06-26,Brinjal,Chennai,310.0
2026-06-27,Brinjal,Chennai,298.8
2026-06-28,Brinjal,Chennai,222.0
2026-06-29,Brinjal,Chennai,214.5
2026-06-30,Brinjal,Chennai,278.4
2026-07-01,Brinjal,Chennai,228.4
2026-07-02,Brinjal,Chennai,238.6
2026-07-03,Brinjal,Chennai,273.0
2026-07-04,Brinjal,Chennai,278.9
2026-07-05,Brinjal,Chennai,252.3
2026-07-06,Brinjal,Chennai,241.0
2026-07-07,Brinjal,Chennai,226.4
2026-07-08,Brinjal,Chennai,213.2
2026-07-09,Brinjal,Chennai,214.8
2026-07-10,Brinjal,Chennai,273.0
2026-07-11,Brinjal,Chennai,265.0
2026-07-12,Brinjal,Chennai,230.5
2026-07-13,Brinjal,Chennai,224.2
2026-07-14,Brinjal,Chennai,226.6
2026-07-15,Brinjal,Chennai,209.9
2026-07-16,Brinjal,Chennai,218.2
2026-07-17,Brinjal,Chennai,271.5
2026-07-18,Brinjal,Chennai,266.4
2026-07-19,Brinjal,Chennai,237.7
2026-07-20,Brinjal,Chennai,214.0
2026-07-21,Brinjal,Chennai,219.3
2026-07-22,Brinjal,Chennai,223.6
2026-07-23,Brinjal,Chennai,212.6
2026-07-24,Brinjal,Chennai,276.7
2026-07-25,Brinjal,Chennai,256.1
2026-07-26,Brinjal,Chennai,195.5
2026-07-27,Brinjal,Chennai,194.2
2026-07-28,Brinjal,Chennai,217.0
2026-07-29,Brinjal,Chennai,208.5
2026-07-30,Brinjal,Chennai,193.5
2026-07-31,Brinjal,Chennai,277.0
2026-08-01,Brinjal,Chennai,275.8
2026-08-02,Brinjal,Chennai,195.0
2026-08-03,Brinjal,Chennai,204.5
2026-08-04,Brinjal,Chennai,212.6
2026-08-05,Brinjal,Chennai,191.1
2026-08-06,Brinjal,Chennai,212.0
2026-08-07,Brinjal,Chennai,268.4
2026-08-08,Brinjal,Chennai,248.3
2026-08-09,Brinjal,Chennai,205.4
2026-08-10,Brinjal,Chennai,207.1
2026-08-11,Brinjal,Chennai,191.8
2026-08-12,Brinjal,Chennai,192.6
2026-08-13,Brinjal,Chennai,185.2
2026-08-14,Brinjal,Chennai,253.2
2026-08-15,Brinjal,Chennai,259.2
2026-08-16,Brinjal,Chennai,190.9
2026-08-17,Brinjal,Chennai,176.4
2026-08-18,Brinjal,Chennai,188.0
2026-08-19,Brinjal,Chennai,191.6
2026-08-20,Brinjal,Chennai,209.8
2026-08-21,Brinjal,Chennai,265.2
2026-08-22,Brinjal,Chennai,268.3
2026-08-23,Brinjal,Chennai,185.3
2026-08-24,Brinjal,Chennai,198.2
2026-08-25,Brinjal,Chennai,159.4
2026-08-26,Brinjal,Chennai,201.8
2026-08-27,Brinjal,Chennai,204.2
2026-03-01,Brinjal,Coimbatore,309.1
2026-03-02,Brinjal,Coimbatore,326.1
2026-03-03,Brinjal,Coimbatore,328.7
2026-03-04,Brinjal,Coimbatore,299.6
2026-03-05,Brinjal,Coimbatore,316.5
2026-03-06,Brinjal,Coimbatore,411.0
2026-03-07,Brinjal,Coimbatore,422.0
2026-03-08,Brinjal,Coimbatore,308.5
2026-03-09,Brinjal,Coimbatore,306.4
2026-03-10,Brinjal,Coimbatore,318.2
2026-03-11,Brinjal,Coimbatore,333.7
2026-03-12,Brinjal,Coimbatore,298.2
2026-03-13,Brinjal,Coimbatore,396.0
2026-03-14,Brinjal,Coimbatore,403.9
2026-03-15,Brinjal,Coimbatore,311.7
2026-03-16,Brinjal,Coimbatore,290.6
2026-03-17,Brinjal,Coimbatore,339.7
2026-03-18,Brinjal,Coimbatore,315.5
2026-03-19,Brinjal,Coimbatore,313.4
2026-03-20,Brinjal,Coimbatore,437.4
2026-03-21,Brinjal,Coimbatore,424.1
2026-03-22,Brinjal,Coimbatore,310.0
2026-03-23,Brinjal,Coimbatore,320.6
2026-03-24,Brinjal,Coimbatore,317.7
2026-03-25,Brinjal,Coimbatore,340.1
2026-03-26,Brinjal,Coimbatore,315.9
2026-03-27,Brinjal,Coimbatore,392.5
2026-03-28,Brinjal,Coimbatore,386.0
2026-03-29,Brinjal,Coimbatore,340.8
2026-03-30,Brinjal,Coimbatore,306.8
2026-03-31,Brinjal,Coimbatore,328.7
2026-04-01,Brinjal,Coimbatore,319.8
2026-04-02,Brinjal,Coimbatore,312.4
2026-04-03,Brinjal,Coimbatore,410.4
2026-04-04,Brinjal,Coimbatore,438.0
2026-04-05,Brinjal,Coimbatore,296.9
2026-04-06,Brinjal,Coimbatore,312.8
2026-04-07,Brinjal,Coimbatore,332.1
2026-04-08,Brinjal,Coimbatore,299.2
2026-04-09,Brinjal,Coimbatore,338.1
2026-04-10,Brinjal,Coimbatore,427.1
2026-04-11,Brinjal,Coimbatore,417.6
2026-04-12,Brinjal,Coimbatore,310.4
2026-04-13,Brinjal,Coimbatore,296.7
2026-04-14,Brinjal,Coimbatore,328.3
2026-04-15,Brinjal,Coimbatore,358.8
2026-04-16,Brinjal,Coimbatore,319.6
2026-04-17,Brinjal,Coimbatore,384.9
2026-04-18,Brinjal,Coimbatore,418.9
2026-04-19,Brinjal,Coimbatore,329.7
2026-04-20,Brinjal,Coimbatore,302.8
2026-04-21,Brinjal,Coimbatore,306.6
2026-04-22,Brinjal,Coimbatore,304.9
2026-04-23,Brinjal,Coimbatore,307.8
2026-04-24,Brinjal,Coimbatore,407.6
2026-04-25,Brinjal,Coimbatore,396.9
2026-04-26,Brinjal,Coimbatore,296.4
2026-04-27,Brinjal,Coimbatore,317.3
2026-04-28,Brinjal,Coimbatore,311.6
2026-04-29,Brinjal,Coimbatore,307.5
2026-04-30,Brinjal,Coimbatore,315.0
2026-05-01,Brinjal,Coimbatore,384.6
2026-05-02,Brinjal,Coimbatore,410.9
2026-05-03,Brinjal,Coimbatore,306.4
2026-05-04,Brinjal,Coimbatore,315.9
2026-05-05,Brinjal,Coimbatore,317.9
2026-05-06,Brinjal,Coimbatore,328.4
2026-05-07,Brinjal,Coimbatore,312.6
2026-05-08,Brinjal,Coimbatore,419.8
2026-05-09,Brinjal,Coimbatore,398.5
2026-05-10,Brinjal,Coimbatore,305.7
2026-05-11,Brinjal,Coimbatore,308.0
2026-05-12,Brinjal,Coimbatore,320.5
2026-05-13,Brinjal,Coimbatore,317.9
2026-05-14,Brinjal,Coimbatore,310.0
2026-05-15,Brinjal,Coimbatore,381.3
2026-05-16,Brinjal,Coimbatore,408.2
2026-05-17,Brinjal,Coimbatore,293.5
2026-05-18,Brinjal,Coimbatore,292.2
2026-05-19,Brinjal,Coimbatore,288.3
2026-05-20,Brinjal,Coimbatore,303.6
2026-05-21,Brinjal,Coimbatore,322.5
2026-05-22,Brinjal,Coimbatore,380.5
2026-05-23,Brinjal,Coimbatore,419.4
2026-05-24,Brinjal,Coimbatore,316.3
2026-05-25,Brinjal,Coimbatore,280.2
2026-05-26,Brinjal,Coimbatore,295.8
2026-05-27,Brinjal,Coimbatore,285.4
2026-05-28,Brinjal,Coimbatore,310.4
2026-05-29,Brinjal,Coimbatore,374.9
2026-05-30,Brinjal,Coimbatore,364.6
2026-05-31,Brinjal,Coimbatore,293.7
2026-06-01,Brinjal,Coimbatore,315.5
2026-06-02,Brinjal,Coimbatore,294.5
2026-06-03,Brinjal,Coimbatore,302.7
2026-06-04,Brinjal,Coimbatore,302.6
2026-06-05,Brinjal,Coimbatore,361.4
2026-06-06,Brinjal,Coimbatore,369.7
2026-06-07,Brinjal,Coimbatore,294.2
2026-06-08,Brinjal,Coimbatore,285.1
2026-06-09,Brinjal,Coimbatore,318.4
2026-06-10,Brinjal,Coimbatore,273.7
2026-06-11,Brinjal,Coimbatore,277.9
2026-06-12,Brinjal,Coimbatore,382.4
2026-06-13,Brinjal,Coimbatore,367.8
2026-06-14,Brinjal,Coimbatore,246.1
2026-06-15,Brinjal,Coimbatore,317.8
2026-06-16,Brinjal,Coimbatore,272.0
2026-06-17,Brinjal,Coimbatore,295.8
2026-06-18,Brinjal,Coimbatore,267.9
2026-06-19,Brinjal,Coimbatore,358.9
2026-06-20,Brinjal,Coimbatore,346.5
2026-06-21,Brinjal,Coimbatore,273.5
2026-06-22,Brinjal,Coimbatore,274.2
2026-06-23,Brinjal,Coimbatore,281.2
2026-06-24,Brinjal,Coimbatore,276.9
2026-06-25,Brinjal,Coimbatore,260.1
2026-06-26,Brinjal,Coimbatore,357.5
2026-06-27,Brinjal,Coimbatore,386.2
2026-06-28,Brinjal,Coimbatore,299.6
2026-06-29,Brinjal,Coimbatore,285.7
2026-06-30,Brinjal,Coimbatore,288.1
2026-07-01,Brinjal,Coimbatore,308.4
2026-07-02,Brinjal,Coimbatore,285.3
2026-07-03,Brinjal,Coimbatore,368.5
2026-07-04,Brinjal,Coimbatore,334.5
2026-07-05,Brinjal,Coimbatore,257.9
2026-07-06,Brinjal,Coimbatore,273.4
2026-07-07,Brinjal,Coimbatore,261.1
2026-07-08,Brinjal,Coimbatore,257.5
2026-07-09,Brinjal,Coimbatore,258.5
2026-07-10,Brinjal,Coimbatore,331.0
2026-07-11,Brinjal,Coimbatore,339.6
2026-07-12,Brinjal,Coimbatore,274.7
2026-07-13,Brinjal,Coimbatore,295.9
2026-07-14,Brinjal,Coimbatore,280.2
2026-07-15,Brinjal,Coimbatore,277.1
2026-07-16,Brinjal,Coimbatore,242.5
2026-07-17,Brinjal,Coimbatore,347.8
2026-07-18,Brinjal,Coimbatore,344.1
2026-07-19,Brinjal,Coimbatore,269.2
2026-07-20,Brinjal,Coimbatore,258.7
2026-07-21,Brinjal,Coimbatore,288.4
2026-07-22,Brinjal,Coimbatore,263.6
2026-07-23,Brinjal,Coimbatore,264.3
2026-07-24,Brinjal,Coimbatore,310.4
2026-07-25,Brinjal,Coimbatore,337.4
2026-07-26,Brinjal,Coimbatore,277.3
2026-07-27,Brinjal,Coimbatore,267.8
2026-07-28,Brinjal,Coimbatore,226.5
2026-07-29,Brinjal,Coimbatore,251.4
2026-07-30,Brinjal,Coimbatore,283.5
2026-07-31,Brinjal,Coimbatore,331.7
2026-08-01,Brinjal,Coimbatore,338.0
2026-08-02,Brinjal,Coimbatore,280.0
2026-08-03,Brinjal,Coimbatore,252.7
2026-08-04,Brinjal,Coimbatore,266.3
2026-08-05,Brinjal,Coimbatore,260.0
2026-08-06,Brinjal,Coimbatore,262.7
2026-08-07,Brinjal,Coimbatore,334.2
2026-08-08,Brinjal,Coimbatore,319.5
2026-08-09,Brinjal,Coimbatore,244.8
2026-08-10,Brinjal,Coimbatore,238.2
2026-08-11,Brinjal,Coimbatore,225.8
2026-08-12,Brinjal,Coimbatore,268.6
2026-08-13,Brinjal,Coimbatore,249.5
2026-08-14,Brinjal,Coimbatore,341.4
2026-08-15,Brinjal,Coimbatore,346.3
2026-08-16,Brinjal,Coimbatore,248.6
2026-08-17,Brinjal,Coimbatore,227.6
2026-08-18,Brinjal,Coimbatore,243.9
2026-08-19,Brinjal,Coimbatore,236.2
2026-08-20,Brinjal,Coimbatore,216.1
2026-08-21,Brinjal,Coimbatore,311.5
2026-08-22,Brinjal,Coimbatore,317.3
2026-08-23,Brinjal,Coimbatore,234.8
2026-08-24,Brinjal,Coimbatore,232.5
2026-08-25,Brinjal,Coimbatore,224.4
2026-08-26,Brinjal,Coimbatore,246.1
2026-08-27,Brinjal,Coimbatore,270.8
2026-03-01,Brinjal,Madurai,196.6
2026-03-02,Brinjal,Madurai,200.8
2026-03-03,Brinjal,Madurai,193.6
2026-03-04,Brinjal,Madurai,196.6
2026-03-05,Brinjal,Madurai,190.5
2026-03-06,Brinjal,Madurai,235.6
2026-03-07,Brinjal,Madurai,253.9
2026-03-08,Brinjal,Madurai,207.2
2026-03-09,Brinjal,Madurai,204.2
2026-03-10,Brinjal,Madurai,170.5
2026-03-11,Brinjal,Madurai,200.6
2026-03-12,Brinjal,Madurai,183.6
2026-03-13,Brinjal,Madurai,277.2
2026-03-14,Brinjal,Madurai,261.4
2026-03-15,Brinjal,Madurai,210.9
2026-03-16,Brinjal,Madurai,197.9
2026-03-17,Brinjal,Madurai,196.7
2026-03-18,Brinjal,Madurai,220.2
2026-03-19,Brinjal,Madurai,212.5
2026-03-20,Brinjal,Madurai,259.1
2026-03-21,Brinjal,Madurai,254.5
2026-03-22,Brinjal,Madurai,172.5
2026-03-23,Brinjal,Madurai,203.1
2026-03-24,Brinjal,Madurai,196.4
2026-03-25,Brinjal,Madurai,206.7
2026-03-26,Brinjal,Madurai,211.3
2026-03-27,Brinjal,Madurai,276.5
2026-03-28,Brinjal,Madurai,263.1
2026-03-29,Brinjal,Madurai,182.8
2026-03-30,Brinjal,Madurai,166.3
2026-03-31,Brinjal,Madurai,186.2
2026-04-01,Brinjal,Madurai,218.6
2026-04-02,Brinjal,Madurai,225.9
2026-04-03,Brinjal,Madurai,254.5
2026-04-04,Brinjal,Madurai,236.2
2026-04-05,Brinjal,Madurai,188.8
2026-04-06,Brinjal,Madurai,215.5
2026-04-07,Brinjal,Madurai,189.6
2026-04-08,Brinjal,Madurai,207.2
2026-04-09,Brinjal,Madurai,200.9
2026-04-10,Brinjal,Madurai,268.4
2026-04-11,Brinjal,Madurai,284.9
2026-04-12,Brinjal,Madurai,207.0
2026-04-13,Brinjal,Madurai,200.2
2026-04-14,Brinjal,Madurai,226.9
2026-04-15,Brinjal,Madurai,203.1
2026-04-16,Brinjal,Madurai,185.8
2026-04-17,Brinjal,Madurai,267.2
2026-04-18,Brinjal,Madurai,263.4
2026-04-19,Brinjal,Madurai,192.7
2026-04-20,Brinjal,Madurai,189.5
2026-04-21,Brinjal,Madurai,192.6
2026-04-22,Brinjal,Madurai,188.9
2026-04-23,Brinjal,Madurai,192.8
2026-04-24,Brinjal,Madurai,242.9
2026-04-25,Brinjal,Madurai,261.1
2026-04-26,Brinjal,Madurai,200.9
2026-04-27,Brinjal,Madurai,201.2
2026-04-28,Brinjal,Madurai,194.9
2026-04-29,Brinjal,Madurai,193.0
2026-04-30,Brinjal,Madurai,217.1
2026-05-01,Brinjal,Madurai,254.8
2026-05-02,Brinjal,Madurai,272.5
2026-05-03,Brinjal,Madurai,179.8
2026-05-04,Brinjal,Madurai,203.4
2026-05-05,Brinjal,Madurai,183.3
2026-05-06,Brinjal,Madurai,185.7
2026-05-07,Brinjal,Madurai,187.6
2026-05-08,Brinjal,Madurai,244.5
2026-05-09,Brinjal,Madurai,244.2
2026-05-10,Brinjal,Madurai,211.3
2026-05-11,Brinjal,Madurai,193.4
2026-05-12,Brinjal,Madurai,195.8
2026-05-13,Brinjal,Madurai,185.3
2026-05-14,Brinjal,Madurai,204.7
2026-05-15,Brinjal,Madurai,254.3
2026-05-16,Brinjal,Madurai,244.0
2026-05-17,Brinjal,Madurai,167.2
2026-05-18,Brinjal,Madurai,193.9
2026-05-19,Brinjal,Madurai,198.9
2026-05-20,Brinjal,Madurai,175.3
2026-05-21,Brinjal,Madurai,185.2
2026-05-22,Brinjal,Madurai,254.1
2026-05-23,Brinjal,Madurai,222.1
2026-05-24,Brinjal,Madurai,178.9
2026-05-25,Brinjal,Madurai,193.9
2026-05-26,Brinjal,Madurai,204.5
2026-05-27,Brinjal,Madurai,220.3
2026-05-28,Brinjal,Madurai,216.5
2026-05-29,Brinjal,Madurai,245.0
2026-05-30,Brinjal,Madurai,235.1
2026-05-31,Brinjal,Madurai,199.9
2026-06-01,Brinjal,Madurai,177.5
2026-06-02,Brinjal,Madurai,173.8
2026-06-03,Brinjal,Madurai,180.3
2026-06-04,Brinjal,Madurai,178.0
2026-06-05,Brinjal,Madurai,245.5
2026-06-06,Brinjal,Madurai,229.7
2026-06-07,Brinjal,Madurai,184.5
2026-06-08,Brinjal,Madurai,206.8
2026-06-09,Brinjal,Madurai,184.3
2026-06-10,Brinjal,Madurai,204.8
2026-06-11,Brinjal,Madurai,199.6
2026-06-12,Brinjal,Madurai,244.4
2026-06-13,Brinjal,Madurai,229.7
2026-06-14,Brinjal,Madurai,196.0
2026-06-15,Brinjal,Madurai,176.2
2026-06-16,Brinjal,Madurai,179.5
2026-06-17,Brinjal,Madurai,184.0
2026-06-18,Brinjal,Madurai,178.5
2026-06-19,Brinjal,Madurai,220.8
2026-06-20,Brinjal,Madurai,208.2
2026-06-21,Brinjal,Madurai,191.7
2026-06-22,Brinjal,Madurai,185.4
2026-06-23,Brinjal,Madurai,150.6
2026-06-24,Brinjal,Madurai,164.8
2026-06-25,Brinjal,Madurai,178.2
2026-06-26,Brinjal,Madurai,234.3
2026-06-27,Brinjal,Madurai,204.3
2026-06-28,Brinjal,Madurai,172.9
2026-06-29,Brinjal,Madurai,181.9
2026-06-30,Brinjal,Madurai,168.1
2026-07-01,Brinjal,Madurai,176.7
2026-07-02,Brinjal,Madurai,165.1
2026-07-03,Brinjal,Madurai,237.2
2026-07-04,Brinjal,Madurai,211.0
2026-07-05,Brinjal,Madurai,154.0
2026-07-06,Brinjal,Madurai,171.1
2026-07-07,Brinjal,Madurai,148.7
2026-07-08,Brinjal,Madurai,138.2
2026-07-09,Brinjal,Madurai,185.6
2026-07-10,Brinjal,Madurai,204.8
2026-07-11,Brinjal,Madurai,199.0
2026-07-12,Brinjal,Madurai,155.8
2026-07-13,Brinjal,Madurai,154.7
2026-07-14,Brinjal,Madurai,165.0
2026-07-15,Brinjal,Madurai,150.3
2026-07-16,Brinjal,Madurai,173.7
2026-07-17,Brinjal,Madurai,225.3
2026-07-18,Brinjal,Madurai,195.9
2026-07-19,Brinjal,Madurai,155.7
2026-07-20,Brinjal,Madurai,156.7
2026-07-21,Brinjal,Madurai,161.7
2026-07-22,Brinjal,Madurai,179.9
2026-07-23,Brinjal,Madurai,180.4
2026-07-24,Brinjal,Madurai,249.2
2026-07-25,Brinjal,Madurai,177.2
2026-07-26,Brinjal,Madurai,148.2
2026-07-27,Brinjal,Madurai,188.9
2026-07-28,Brinjal,Madurai,134.2
2026-07-29,Brinjal,Madurai,187.7
2026-07-30,Brinjal,Madurai,162.7
2026-07-31,Brinjal,Madurai,210.8
2026-08-01,Brinjal,Madurai,188.4
2026-08-02,Brinjal,Madurai,152.5
2026-08-03,Brinjal,Madurai,185.1
2026-08-04,Brinjal,Madurai,157.8
2026-08-05,Brinjal,Madurai,151.5
2026-08-06,Brinjal,Madurai,163.9
2026-08-07,Brinjal,Madurai,201.8
2026-08-08,Brinjal,Madurai,209.4
2026-08-09,Brinjal,Madurai,144.0
2026-08-10,Brinjal,Madurai,155.2
2026-08-11,Brinjal,Madurai,146.4
2026-08-12,Brinjal,Madurai,128.6
2026-08-13,Brinjal,Madurai,162.6
2026-08-14,Brinjal,Madurai,183.0
2026-08-15,Brinjal,Madurai,198.6
2026-08-16,Brinjal,Madurai,168.3
2026-08-17,Brinjal,Madurai,131.6
2026-08-18,Brinjal,Madurai,162.8
2026-08-19,Brinjal,Madurai,149.0
2026-08-20,Brinjal,Madurai,138.7
2026-08-21,Brinjal,Madurai,229.1
2026-08-22,Brinjal,Madurai,198.4
2026-08-23,Brinjal,Madurai,143.8
2026-08-24,Brinjal,Madurai,140.3
2026-08-25,Brinjal,Madurai,165.0
2026-08-26,Brinjal,Madurai,142.3
2026-08-27,Brinjal,Madurai,162.6
2026-03-01,Brinjal,Trichy,287.6
2026-03-02,Brinjal,Trichy,316.3
2026-03-03,Brinjal,Trichy,309.7
2026-03-04,Brinjal,Trichy,292.7
2026-03-05,Brinjal,Trichy,320.3
2026-03-06,Brinjal,Trichy,399.7
2026-03-07,Brinjal,Trichy,459.9
2026-03-08,Brinjal,Trichy,296.4
2026-03-09,Brinjal,Trichy,300.5
2026-03-10,Brinjal,Trichy,332.0
2026-03-11,Brinjal,Trichy,317.2
2026-03-12,Brinjal,Trichy,332.2
2026-03-13,Brinjal,Trichy,421.3
2026-03-14,Brinjal,Trichy,407.2
2026-03-15,Brinjal,Trichy,299.5
2026-03-16,Brinjal,Trichy,336.4
2026-03-17,Brinjal,Trichy,301.2
2026-03-18,Brinjal,Trichy,329.1
2026-03-19,Brinjal,Trichy,334.7
2026-03-20,Brinjal,Trichy,415.5
2026-03-21,Brinjal,Trichy,413.0
2026-03-22,Brinjal,Trichy,306.6
2026-03-23,Brinjal,Trichy,328.4
2026-03-24,Brinjal,Trichy,275.9
2026-03-25,Brinjal,Trichy,332.4
2026-03-26,Brinjal,Trichy,323.5
2026-03-27,Brinjal,Trichy,415.0
2026-03-28,Brinjal,Trichy,422.1
2026-03-29,Brinjal,Trichy,301.3
2026-03-30,Brinjal,Trichy,285.8
2026-03-31,Brinjal,Trichy,329.0
2026-04-01,Brinjal,Trichy,341.7
2026-04-02,Brinjal,Trichy,295.9
2026-04-03,Brinjal,Trichy,402.8
2026-04-04,Brinjal,Trichy,429.8
2026-04-05,Brinjal,Trichy,327.3
2026-04-06,Brinjal,Trichy,366.3
2026-04-07,Brinjal,Trichy,337.9
2026-04-08,Brinjal,Trichy,334.2
2026-04-09,Brinjal,Trichy,310.2
2026-04-10,Brinjal,Trichy,425.8
2026-04-11,Brinjal,Trichy,440.2
2026-04-12,Brinjal,Trichy,318.8
2026-04-13,Brinjal,Trichy,319.4
2026-04-14,Brinjal,Trichy,323.1
2026-04-15,Brinjal,Trichy,310.8
2026-04-16,Brinjal,Trichy,324.7
2026-04-17,Brinjal,Trichy,420.2
2026-04-18,Brinjal,Trichy,438.5
2026-04-19,Brinjal,Trichy,317.2
2026-04-20,Brinjal,Trichy,329.9
2026-04-21,Brinjal,Trichy,317.2
2026-04-22,Brinjal,Trichy,328.9
2026-04-23,Brinjal,Trichy,315.3
2026-04-24,Brinjal,Trichy,423.0
2026-04-25,Brinjal,Trichy,425.0
2026-04-26,Brinjal,Trichy,302.2
2026-04-27,Brinjal,Trichy,334.5
2026-04-28,Brinjal,Trichy,315.1
2026-04-29,Brinjal,Trichy,310.2
2026-04-30,Brinjal,Trichy,306.3
2026-05-01,Brinjal,Trichy,416.0
2026-05-02,Brinjal,Trichy,411.0
2026-05-03,Brinjal,Trichy,321.4
2026-05-04,Brinjal,Trichy,321.3
2026-05-05,Brinjal,Trichy,324.2
2026-05-06,Brinjal,Trichy,356.3
2026-05-07,Brinjal,Trichy,314.9
2026-05-08,Brinjal,Trichy,397.0
2026-05-09,Brinjal,Trichy,377.2
2026-05-10,Brinjal,Trichy,295.1
2026-05-11,Brinjal,Trichy,331.1
2026-05-12,Brinjal,Trichy,322.9
2026-05-13,Brinjal,Trichy,291.3
2026-05-14,Brinjal,Trichy,348.1
2026-05-15,Brinjal,Trichy,408.7
2026-05-16,Brinjal,Trichy,410.1
2026-05-17,Brinjal,Trichy,343.3
2026-05-18,Brinjal,Trichy,335.2
2026-05-19,Brinjal,Trichy,320.3
2026-05-20,Brinjal,Trichy,320.5
2026-05-21,Brinjal,Trichy,321.3
2026-05-22,Brinjal,Trichy,395.4
2026-05-23,Brinjal,Trichy,402.6
2026-05-24,Brinjal,Trichy,314.4
2026-05-25,Brinjal,Trichy,303.4
2026-05-26,Brinjal,Trichy,290.2
2026-05-27,Brinjal,Trichy,300.1
2026-05-28,Brinjal,Trichy,288.7
2026-05-29,Brinjal,Trichy,394.7
2026-05-30,Brinjal,Trichy,366.3
2026-05-31,Brinjal,Trichy,306.8
2026-06-01,Brinjal,Trichy,276.6
2026-06-02,Brinjal,Trichy,294.4
2026-06-03,Brinjal,Trichy,307.3
2026-06-04,Brinjal,Trichy,311.0
2026-06-05,Brinjal,Trichy,398.1
2026-06-06,Brinjal,Trichy,392.0
2026-06-07,Brinjal,Trichy,280.4
2026-06-08,Brinjal,Trichy,311.2
2026-06-09,Brinjal,Trichy,279.4
2026-06-10,Brinjal,Trichy,311.6
2026-06-11,Brinjal,Trichy,303.9
2026-06-12,Brinjal,Trichy,402.4
2026-06-13,Brinjal,Trichy,381.4
2026-06-14,Brinjal,Trichy,280.2
2026-06-15,Brinjal,Trichy,272.4
2026-06-16,Brinjal,Trichy,273.3
2026-06-17,Brinjal,Trichy,265.8
2026-06-18,Brinjal,Trichy,303.8
2026-06-19,Brinjal,Trichy,391.7
2026-06-20,Brinjal,Trichy,383.0
2026-06-21,Brinjal,Trichy,287.0
2026-06-22,Brinjal,Trichy,317.7
2026-06-23,Brinjal,Trichy,284.6
2026-06-24,Brinjal,Trichy,288.7
2026-06-25,Brinjal,Trichy,284.0
2026-06-26,Brinjal,Trichy,364.1
2026-06-27,Brinjal,Trichy,377.7
2026-06-28,Brinjal,Trichy,273.0
2026-06-29,Brinjal,Trichy,271.3
2026-06-30,Brinjal,Trichy,291.3
2026-07-01,Brinjal,Trichy,272.9
2026-07-02,Brinjal,Trichy,281.6
2026-07-03,Brinjal,Trichy,357.5
2026-07-04,Brinjal,Trichy,361.5
2026-07-05,Brinjal,Trichy,267.4
2026-07-06,Brinjal,Trichy,267.1
2026-07-07,Brinjal,Trichy,263.7
2026-07-08,Brinjal,Trichy,287.9
2026-07-09,Brinjal,Trichy,277.2
2026-07-10,Brinjal,Trichy,369.8
2026-07-11,Brinjal,Trichy,370.5
2026-07-12,Brinjal,Trichy,265.5
2026-07-13,Brinjal,Trichy,285.0
2026-07-14,Brinjal,Trichy,270.8
2026-07-15,Brinjal,Trichy,267.9
2026-07-16,Brinjal,Trichy,288.4
2026-07-17,Brinjal,Trichy,357.9
2026-07-18,Brinjal,Trichy,343.4
2026-07-19,Brinjal,Trichy,274.9
2026-07-20,Brinjal,Trichy,247.9
2026-07-21,Brinjal,Trichy,269.9
2026-07-22,Brinjal,Trichy,243.0
2026-07-23,Brinjal,Trichy,250.0
2026-07-24,Brinjal,Trichy,352.1
2026-07-25,Brinjal,Trichy,302.4
2026-07-26,Brinjal,Trichy,289.8
2026-07-27,Brinjal,Trichy,274.7
2026-07-28,Brinjal,Trichy,233.9
2026-07-29,Brinjal,Trichy,296.8
2026-07-30,Brinjal,Trichy,300.3
2026-07-31,Brinjal,Trichy,334.7
2026-08-01,Brinjal,Trichy,322.7
2026-08-02,Brinjal,Trichy,283.6
2026-08-03,Brinjal,Trichy,252.5
2026-08-04,Brinjal,Trichy,259.5
2026-08-05,Brinjal,Trichy,274.7
2026-08-06,Brinjal,Trichy,253.6
2026-08-07,Brinjal,Trichy,328.3
2026-08-08,Brinjal,Trichy,312.0
2026-08-09,Brinjal,Trichy,244.7
2026-08-10,Brinjal,Trichy,249.7
2026-08-11,Brinjal,Trichy,234.4
2026-08-12,Brinjal,Trichy,235.3
2026-08-13,Brinjal,Trichy,252.4
2026-08-14,Brinjal,Trichy,299.1
2026-08-15,Brinjal,Trichy,312.9
2026-08-16,Brinjal,Trichy,279.5
2026-08-17,Brinjal,Trichy,244.7
2026-08-18,Brinjal,Trichy,242.3
2026-08-19,Brinjal,Trichy,243.6
2026-08-20,Brinjal,Trichy,243.4
2026-08-21,Brinjal,Trichy,330.9
2026-08-22,Brinjal,Trichy,329.2
2026-08-23,Brinjal,Trichy,241.1
2026-08-24,Brinjal,Trichy,243.3
2026-08-25,Brinjal,Trichy,265.8
2026-08-26,Brinjal,Trichy,223.0
2026-08-27,Brinjal,Trichy,244.4
2026-03-01,Brinjal,Salem,173.6
2026-03-02,Brinjal,Salem,189.5
2026-03-03,Brinjal,Salem,197.6
2026-03-04,Brinjal,Salem,186.3
2026-03-05,Brinjal,Salem,180.5
2026-03-06,Brinjal,Salem,278.6
2026-03-07,Brinjal,Salem,238.9
2026-03-08,Brinjal,Salem,197.4
2026-03-09,Brinjal,Salem,168.4
2026-03-10,Brinjal,Salem,172.2
2026-03-11,Brinjal,Salem,198.4
2026-03-12,Brinjal,Salem,204.6
2026-03-13,Brinjal,Salem,239.9
2026-03-14,Brinjal,Salem,218.2
2026-03-15,Brinjal,Salem,186.8
2026-03-16,Brinjal,Salem,192.3
2026-03-17,Brinjal,Salem,191.0
2026-03-18,Brinjal,Salem,181.2
2026-03-19,Brinjal,Salem,187.4
2026-03-20,Brinjal,Salem,235.5
2026-03-21,Brinjal,Salem,230.2
2026-03-22,Brinjal,Salem,201.3
2026-03-23,Brinjal,Salem,191.5
2026-03-24,Brinjal,Salem,187.9
2026-03-25,Brinjal,Salem,182.6
2026-03-26,Brinjal,Salem,187.5
2026-03-27,Brinjal,Salem,249.8
2026-03-28,Brinjal,Salem,273.3
2026-03-29,Brinjal,Salem,200.2
2026-03-30,Brinjal,Salem,180.4
2026-03-31,Brinjal,Salem,180.5
2026-04-01,Brinjal,Salem,178.2
2026-04-02,Brinjal,Salem,187.4
2026-04-03,Brinjal,Salem,235.3
2026-04-04,Brinjal,Salem,254.6
2026-04-05,Brinjal,Salem,150.7
2026-04-06,Brinjal,Salem,198.3
2026-04-07,Brinjal,Salem,194.4
2026-04-08,Brinjal,Salem,209.1
2026-04-09,Brinjal,Salem,203.3
2026-04-10,Brinjal,Salem,236.9
2026-04-11,Brinjal,Salem,258.5
2026-04-12,Brinjal,Salem,187.4
2026-04-13,Brinjal,Salem,160.9
2026-04-14,Brinjal,Salem,192.2
2026-04-15,Brinjal,Salem,180.3
2026-04-16,Brinjal,Salem,189.6
2026-04-17,Brinjal,Salem,271.1
2026-04-18,Brinjal,Salem,249.5
2026-04-19,Brinjal,Salem,174.0
2026-04-20,Brinjal,Salem,203.6
2026-04-21,Brinjal,Salem,194.4
2026-04-22,Brinjal,Salem,171.8
2026-04-23,Brinjal,Salem,164.6
2026-04-24,Brinjal,Salem,230.4
2026-04-25,Brinjal,Salem,257.4
2026-04-26,Brinjal,Salem,183.6
2026-04-27,Brinjal,Salem,189.2
2026-04-28,Brinjal,Salem,167.7
2026-04-29,Brinjal,Salem,200.5
2026-04-30,Brinjal,Salem,157.2
2026-05-01,Brinjal,Salem,233.5
2026-05-02,Brinjal,Salem,249.3
2026-05-03,Brinjal,Salem,169.9
2026-05-04,Brinjal,Salem,195.7
2026-05-05,Brinjal,Salem,173.3
2026-05-06,Brinjal,Salem,167.7
2026-05-07,Brinjal,Salem,205.1
2026-05-08,Brinjal,Salem,243.5
2026-05-09,Brinjal,Salem,248.7
2026-05-10,Brinjal,Salem,200.3
2026-05-11,Brinjal,Salem,145.5
2026-05-12,Brinjal,Salem,194.0
2026-05-13,Brinjal,Salem,172.8
2026-05-14,Brinjal,Salem,174.5
2026-05-15,Brinjal,Salem,245.3
2026-05-16,Brinjal,Salem,232.9
2026-05-17,Brinjal,Salem,192.0
2026-05-18,Brinjal,Salem,182.1
2026-05-19,Brinjal,Salem,185.0
2026-05-20,Brinjal,Salem,174.8
2026-05-21,Brinjal,Salem,165.8
2026-05-22,Brinjal,Salem,224.8
2026-05-23,Brinjal,Salem,234.0
2026-05-24,Brinjal,Salem,208.4
2026-05-25,Brinjal,Salem,202.6
2026-05-26,Brinjal,Salem,170.3
2026-05-27,Brinjal,Salem,180.7
2026-05-28,Brinjal,Salem,175.1
2026-05-29,Brinjal,Salem,234.8
2026-05-30,Brinjal,Salem,236.2
2026-05-31,Brinjal,Salem,186.3
2026-06-01,Brinjal,Salem,134.5
2026-06-02,Brinjal,Salem,183.1
2026-06-03,Brinjal,Salem,171.3
2026-06-04,Brinjal,Salem,166.3
2026-06-05,Brinjal,Salem,241.3
2026-06-06,Brinjal,Salem,250.9
2026-06-07,Brinjal,Salem,186.0
2026-06-08,Brinjal,Salem,167.5
2026-06-09,Brinjal,Salem,158.8
2026-06-10,Brinjal,Salem,129.4
2026-06-11,Brinjal,Salem,176.9
2026-06-12,Brinjal,Salem,234.5
2026-06-13,Brinjal,Salem,223.8
2026-06-14,Brinjal,Salem,186.9
2026-06-15,Brinjal,Salem,152.7
2026-06-16,Brinjal,Salem,169.5
2026-06-17,Brinjal,Salem,167.9
2026-06-18,Brinjal,Salem,169.6
2026-06-19,Brinjal,Salem,239.6
2026-06-20,Brinjal,Salem,220.0
2026-06-21,Brinjal,Salem,165.6
2026-06-22,Brinjal,Salem,155.5
2026-06-23,Brinjal,Salem,189.1
2026-06-24,Brinjal,Salem,147.3
2026-06-25,Brinjal,Salem,160.0
2026-06-26,Brinjal,Salem,243.7
2026-06-27,Brinjal,Salem,224.7
2026-06-28,Brinjal,Salem,166.7
2026-06-29,Brinjal,Salem,166.9
2026-06-30,Brinjal,Salem,152.0
2026-07-01,Brinjal,Salem,164.7
2026-07-02,Brinjal,Salem,160.1
2026-07-03,Brinjal,Salem,217.1
2026-07-04,Brinjal,Salem,191.2
2026-07-05,Brinjal,Salem,170.0
2026-07-06,Brinjal,Salem,178.9
2026-07-07,Brinjal,Salem,160.1
2026-07-08,Brinjal,Salem,172.5
2026-07-09,Brinjal,Salem,167.0
2026-07-10,Brinjal,Salem,201.4
2026-07-11,Brinjal,Salem,194.1
2026-07-12,Brinjal,Salem,147.3
2026-07-13,Brinjal,Salem,165.1
2026-07-14,Brinjal,Salem,159.4
2026-07-15,Brinjal,Salem,179.0
2026-07-16,Brinjal,Salem,171.3
2026-07-17,Brinjal,Salem,218.5
2026-07-18,Brinjal,Salem,210.1
2026-07-19,Brinjal,Salem,143.7
2026-07-20,Brinjal,Salem,162.6
2026-07-21,Brinjal,Salem,158.3
2026-07-22,Brinjal,Salem,139.9
2026-07-23,Brinjal,Salem,174.7
2026-07-24,Brinjal,Salem,219.5
2026-07-25,Brinjal,Salem,185.3
2026-07-26,Brinjal,Salem,145.8
2026-07-27,Brinjal,Salem,146.7
2026-07-28,Brinjal,Salem,163.8
2026-07-29,Brinjal,Salem,161.6
2026-07-30,Brinjal,Salem,154.5
2026-07-31,Brinjal,Salem,203.6
2026-08-01,Brinjal,Salem,179.7
2026-08-02,Brinjal,Salem,158.4
2026-08-03,Brinjal,Salem,150.9
2026-08-04,Brinjal,Salem,141.8
2026-08-05,Brinjal,Salem,128.7
2026-08-06,Brinjal,Salem,151.7
2026-08-07,Brinjal,Salem,201.6
2026-08-08,Brinjal,Salem,170.2
2026-08-09,Brinjal,Salem,150.5
2026-08-10,Brinjal,Salem,151.8
2026-08-11,Brinjal,Salem,141.3
2026-08-12,Brinjal,Salem,155.0
2026-08-13,Brinjal,Salem,147.0
2026-08-14,Brinjal,Salem,197.5
2026-08-15,Brinjal,Salem,200.8
2026-08-16,Brinjal,Salem,156.0
2026-08-17,Brinjal,Salem,163.0
2026-08-18,Brinjal,Salem,152.5
2026-08-19,Brinjal,Salem,140.0
2026-08-20,Brinjal,Salem,137.1
2026-08-21,Brinjal,Salem,174.6
2026-08-22,Brinjal,Salem,192.5
2026-08-23,Brinjal,Salem,165.9
2026-08-24,Brinjal,Salem,140.4
2026-08-25,Brinjal,Salem,152.3
2026-08-26,Brinjal,Salem,134.0
2026-08-27,Brinjal,Salem,147.9
2026-03-01,Cabbage,Chennai,284.9
2026-03-02,Cabbage,Chennai,317.4
2026-03-03,Cabbage,Chennai,318.4
2026-03-04,Cabbage,Chennai,312.1
2026-03-05,Cabbage,Chennai,319.8
2026-03-06,Cabbage,Chennai,390.7
2026-03-07,Cabbage,Chennai,404.5
2026-03-08,Cabbage,Chennai,327.4
2026-03-09,Cabbage,Chennai,326.3
2026-03-10,Cabbage,Chennai,319.5
2026-03-11,Cabbage,Chennai,298.3
2026-03-12,Cabbage,Chennai,296.2
2026-03-13,Cabbage,Chennai,407.3
2026-03-14,Cabbage,Chennai,408.6
2026-03-15,Cabbage,Chennai,310.9
2026-03-16,Cabbage,Chennai,300.6
2026-03-17,Cabbage,Chennai,319.4
2026-03-18,Cabbage,Chennai,314.7
2026-03-19,Cabbage,Chennai,317.5
2026-03-20,Cabbage,Chennai,416.2
2026-03-21,Cabbage,Chennai,403.4
2026-03-22,Cabbage,Chennai,306.3
2026-03-23,Cabbage,Chennai,330.3
2026-03-24,Cabbage,Chennai,302.5
2026-03-25,Cabbage,Chennai,306.9
2026-03-26,Cabbage,Chennai,332.5
2026-03-27,Cabbage,Chennai,400.1
2026-03-28,Cabbage,Chennai,406.9
2026-03-29,Cabbage,Chennai,308.0
2026-03-30,Cabbage,Chennai,287.5
2026-03-31,Cabbage,Chennai,312.4
2026-04-01,Cabbage,Chennai,299.1
2026-04-02,Cabbage,Chennai,318.1
2026-04-03,Cabbage,Chennai,425.1
2026-04-04,Cabbage,Chennai,375.2
2026-04-05,Cabbage,Chennai,308.0
2026-04-06,Cabbage,Chennai,320.9
2026-04-07,Cabbage,Chennai,281.3
2026-04-08,Cabbage,Chennai,334.0
2026-04-09,Cabbage,Chennai,319.6
2026-04-10,Cabbage,Chennai,424.2
2026-04-11,Cabbage,Chennai,399.3
2026-04-12,Cabbage,Chennai,306.9
2026-04-13,Cabbage,Chennai,311.0
2026-04-14,Cabbage,Chennai,345.3
2026-04-15,Cabbage,Chennai,332.9
2026-04-16,Cabbage,Chennai,314.9
2026-04-17,Cabbage,Chennai,410.4
2026-04-18,Cabbage,Chennai,415.8
2026-04-19,Cabbage,Chennai,348.2
2026-04-20,Cabbage,Chennai,317.9
2026-04-21,Cabbage,Chennai,312.6
2026-04-22,Cabbage,Chennai,306.6
2026-04-23,Cabbage,Chennai,314.9
2026-04-24,Cabbage,Chennai,395.7
2026-04-25,Cabbage,Chennai,411.6
2026-04-26,Cabbage,Chennai,289.1
2026-04-27,Cabbage,Chennai,306.4
2026-04-28,Cabbage,Chennai,321.0
2026-04-29,Cabbage,Chennai,315.2
2026-04-30,Cabbage,Chennai,302.4
2026-05-01,Cabbage,Chennai,398.2
2026-05-02,Cabbage,Chennai,416.7
2026-05-03,Cabbage,Chennai,290.1
2026-05-04,Cabbage,Chennai,289.8
2026-05-05,Cabbage,Chennai,293.6
2026-05-06,Cabbage,Chennai,307.0
2026-05-07,Cabbage,Chennai,286.4
2026-05-08,Cabbage,Chennai,412.5
2026-05-09,Cabbage,Chennai,383.8
2026-05-10,Cabbage,Chennai,308.8
2026-05-11,Cabbage,Chennai,296.3
2026-05-12,Cabbage,Chennai,303.6
2026-05-13,Cabbage,Chennai,280.0
2026-05-14,Cabbage,Chennai,318.6
2026-05-15,Cabbage,Chennai,379.7
2026-05-16,Cabbage,Chennai,377.5
2026-05-17,Cabbage,Chennai,337.9
2026-05-18,Cabbage,Chennai,310.0
2026-05-19,Cabbage,Chennai,315.6
2026-05-20,Cabbage,Chennai,307.5
2026-05-21,Cabbage,Chennai,293.3
2026-05-22,Cabbage,Chennai,369.8
2026-05-23,Cabbage,Chennai,384.2
2026-05-24,Cabbage,Chennai,283.8
2026-05-25,Cabbage,Chennai,284.1
2026-05-26,Cabbage,Chennai,273.6
2026-05-27,Cabbage,Chennai,298.5
2026-05-28,Cabbage,Chennai,319.8
2026-05-29,Cabbage,Chennai,392.6
2026-05-30,Cabbage,Chennai,381.9
2026-05-31,Cabbage,Chennai,293.8
2026-06-01,Cabbage,Chennai,248.1
2026-06-02,Cabbage,Chennai,286.8
2026-06-03,Cabbage,Chennai,271.2
2026-06-04,Cabbage,Chennai,294.0
2026-06-05,Cabbage,Chennai,374.8
2026-06-06,Cabbage,Chennai,364.8
2026-06-07,Cabbage,Chennai,291.7
2026-06-08,Cabbage,Chennai,290.9
2026-06-09,Cabbage,Chennai,311.5
2026-06-10,Cabbage,Chennai,298.4
2026-06-11,Cabbage,Chennai,290.7
2026-06-12,Cabbage,Chennai,358.6
2026-06-13,Cabbage,Chennai,355.8
2026-06-14,Cabbage,Chennai,294.4
2026-06-15,Cabbage,Chennai,281.7
2026-06-16,Cabbage,Chennai,287.8
2026-06-17,Cabbage,Chennai,298.0
2026-06-18,Cabbage,Chennai,260.0
2026-06-19,Cabbage,Chennai,387.6
2026-06-20,Cabbage,Chennai,380.2
2026-06-21,Cabbage,Chennai,249.8
2026-06-22,Cabbage,Chennai,315.2
2026-06-23,Cabbage,Chennai,284.0
2026-06-24,Cabbage,Chennai,271.3
2026-06-25,Cabbage,Chennai,285.6
2026-06-26,Cabbage,Chennai,345.6
2026-06-27,Cabbage,Chennai,367.5
2026-06-28,Cabbage,Chennai,263.8
2026-06-29,Cabbage,Chennai,305.3
2026-06-30,Cabbage,Chennai,275.2
2026-07-01,Cabbage,Chennai,283.3
2026-07-02,Cabbage,Chennai,261.1
2026-07-03,Cabbage,Chennai,366.1
2026-07-04,Cabbage,Chennai,352.7
2026-07-05,Cabbage,Chennai,249.6
2026-07-06,Cabbage,Chennai,266.5
2026-07-07,Cabbage,Chennai,298.3
2026-07-08,Cabbage,Chennai,281.6
2026-07-09,Cabbage,Chennai,262.3
2026-07-10,Cabbage,Chennai,319.4
2026-07-11,Cabbage,Chennai,334.1
2026-07-12,Cabbage,Chennai,244.8
2026-07-13,Cabbage,Chennai,237.5
2026-07-14,Cabbage,Chennai,276.3
2026-07-15,Cabbage,Chennai,264.7
2026-07-16,Cabbage,Chennai,290.0
2026-07-17,Cabbage,Chennai,326.2
2026-07-18,Cabbage,Chennai,340.3
2026-07-19,Cabbage,Chennai,240.2
2026-07-20,Cabbage,Chennai,251.5
2026-07-21,Cabbage,Chennai,256.4
2026-07-22,Cabbage,Chennai,253.5
2026-07-23,Cabbage,Chennai,259.2
2026-07-24,Cabbage,Chennai,349.7
2026-07-25,Cabbage,Chennai,347.2
2026-07-26,Cabbage,Chennai,244.9
2026-07-27,Cabbage,Chennai,255.4
2026-07-28,Cabbage,Chennai,267.1
2026-07-29,Cabbage,Chennai,270.1
2026-07-30,Cabbage,Chennai,244.0
2026-07-31,Cabbage,Chennai,339.9
2026-08-01,Cabbage,Chennai,333.5
2026-08-02,Cabbage,Chennai,236.1
2026-08-03,Cabbage,Chennai,263.5
2026-08-04,Cabbage,Chennai,253.2
2026-08-05,Cabbage,Chennai,224.2
2026-08-06,Cabbage,Chennai,245.3
2026-08-07,Cabbage,Chennai,324.5
2026-08-08,Cabbage,Chennai,314.1
2026-08-09,Cabbage,Chennai,266.5
2026-08-10,Cabbage,Chennai,266.4
2026-08-11,Cabbage,Chennai,241.2
2026-08-12,Cabbage,Chennai,239.0
2026-08-13,Cabbage,Chennai,243.9
2026-08-14,Cabbage,Chennai,315.9
2026-08-15,Cabbage,Chennai,309.4
2026-08-16,Cabbage,Chennai,188.7
2026-08-17,Cabbage,Chennai,270.2
2026-08-18,Cabbage,Chennai,243.4
2026-08-19,Cabbage,Chennai,240.2
2026-08-20,Cabbage,Chennai,247.3
2026-08-21,Cabbage,Chennai,313.3
2026-08-22,Cabbage,Chennai,307.5
2026-08-23,Cabbage,Chennai,226.0
2026-08-24,Cabbage,Chennai,213.0
2026-08-25,Cabbage,Chennai,219.9
2026-08-26,Cabbage,Chennai,223.0
2026-08-27,Cabbage,Chennai,249.1
2026-03-01,Cabbage,Coimbatore,213.7
2026-03-02,Cabbage,Coimbatore,240.4
2026-03-03,Cabbage,Coimbatore,196.2
2026-03-04,Cabbage,Coimbatore,209.8
2026-03-05,Cabbage,Coimbatore,216.4
2026-03-06,Cabbage,Coimbatore,266.3
2026-03-07,Cabbage,Coimbatore,274.7
2026-03-08,Cabbage,Coimbatore,224.2
2026-03-09,Cabbage,Coimbatore,204.1
2026-03-10,Cabbage,Coimbatore,210.6
2026-03-11,Cabbage,Coimbatore,209.4
2026-03-12,Cabbage,Coimbatore,214.4
2026-03-13,Cabbage,Coimbatore,284.6
2026-03-14,Cabbage,Coimbatore,290.0
2026-03-15,Cabbage,Coimbatore,245.5
2026-03-16,Cabbage,Coimbatore,176.7
2026-03-17,Cabbage,Coimbatore,214.2
2026-03-18,Cabbage,Coimbatore,196.4
2026-03-19,Cabbage,Coimbatore,211.2
2026-03-20,Cabbage,Coimbatore,295.4
2026-03-21,Cabbage,Coimbatore,300.3
2026-03-22,Cabbage,Coimbatore,235.9
2026-03-23,Cabbage,Coimbatore,235.9
2026-03-24,Cabbage,Coimbatore,214.8
2026-03-25,Cabbage,Coimbatore,238.5
2026-03-26,Cabbage,Coimbatore,241.5
2026-03-27,Cabbage,Coimbatore,284.9
2026-03-28,Cabbage,Coimbatore,300.6
2026-03-29,Cabbage,Coimbatore,218.3
2026-03-30,Cabbage,Coimbatore,238.8
2026-03-31,Cabbage,Coimbatore,215.3
2026-04-01,Cabbage,Coimbatore,208.6
2026-04-02,Cabbage,Coimbatore,200.9
2026-04-03,Cabbage,Coimbatore,280.4
2026-04-04,Cabbage,Coimbatore,284.2
2026-04-05,Cabbage,Coimbatore,203.5
2026-04-06,Cabbage,Coimbatore,213.9
2026-04-07,Cabbage,Coimbatore,209.7
2026-04-08,Cabbage,Coimbatore,201.4
2026-04-09,Cabbage,Coimbatore,233.0
2026-04-10,Cabbage,Coimbatore,300.8
2026-04-11,Cabbage,Coimbatore,298.0
2026-04-12,Cabbage,Coimbatore,216.0
2026-04-13,Cabbage,Coimbatore,216.8
2026-04-14,Cabbage,Coimbatore,201.1
2026-04-15,Cabbage,Coimbatore,223.1
2026-04-16,Cabbage,Coimbatore,219.3
2026-04-17,Cabbage,Coimbatore,324.3
2026-04-18,Cabbage,Coimbatore,297.8
2026-04-19,Cabbage,Coimbatore,221.1
2026-04-20,Cabbage,Coimbatore,215.6
2026-04-21,Cabbage,Coimbatore,231.1
2026-04-22,Cabbage,Coimbatore,202.2
2026-04-23,Cabbage,Coimbatore,232.8
2026-04-24,Cabbage,Coimbatore,263.9
2026-04-25,Cabbage,Coimbatore,271.5
2026-04-26,Cabbage,Coimbatore,187.6
2026-04-27,Cabbage,Coimbatore,224.2
2026-04-28,Cabbage,Coimbatore,218.5
2026-04-29,Cabbage,Coimbatore,206.1
2026-04-30,Cabbage,Coimbatore,200.4
2026-05-01,Cabbage,Coimbatore,299.0
2026-05-02,Cabbage,Coimbatore,276.0
2026-05-03,Cabbage,Coimbatore,202.1
2026-05-04,Cabbage,Coimbatore,242.1
2026-05-05,Cabbage,Coimbatore,203.2
2026-05-06,Cabbage,Coimbatore,229.8
2026-05-07,Cabbage,Coimbatore,195.2
2026-05-08,Cabbage,Coimbatore,270.5
2026-05-09,Cabbage,Coimbatore,283.0
2026-05-10,Cabbage,Coimbatore,210.7
2026-05-11,Cabbage,Coimbatore,215.0
2026-05-12,Cabbage,Coimbatore,202.9
2026-05-13,Cabbage,Coimbatore,186.7
2026-05-14,Cabbage,Coimbatore,232.3
2026-05-15,Cabbage,Coimbatore,265.9
2026-05-16,Cabbage,Coimbatore,276.9
2026-05-17,Cabbage,Coimbatore,219.9
2026-05-18,Cabbage,Coimbatore,213.6
2026-05-19,Cabbage,Coimbatore,198.0
2026-05-20,Cabbage,Coimbatore,225.7
2026-05-21,Cabbage,Coimbatore,215.6
2026-05-22,Cabbage,Coimbatore,272.8
2026-05-23,Cabbage,Coimbatore,271.9
2026-05-24,Cabbage,Coimbatore,232.0
2026-05-25,Cabbage,Coimbatore,195.4
2026-05-26,Cabbage,Coimbatore,212.2
2026-05-27,Cabbage,Coimbatore,197.7
2026-05-28,Cabbage,Coimbatore,176.1
2026-05-29,Cabbage,Coimbatore,236.8
2026-05-30,Cabbage,Coimbatore,250.5
2026-05-31,Cabbage,Coimbatore,194.1
2026-06-01,Cabbage,Coimbatore,236.1
2026-06-02,Cabbage,Coimbatore,213.6
2026-06-03,Cabbage,Coimbatore,214.5
2026-06-04,Cabbage,Coimbatore,192.7
2026-06-05,Cabbage,Coimbatore,263.3
2026-06-06,Cabbage,Coimbatore,296.4
2026-06-07,Cabbage,Coimbatore,182.7
2026-06-08,Cabbage,Coimbatore,207.3
2026-06-09,Cabbage,Coimbatore,224.2
2026-06-10,Cabbage,Coimbatore,214.1
2026-06-11,Cabbage,Coimbatore,226.1
2026-06-12,Cabbage,Coimbatore,261.4
2026-06-13,Cabbage,Coimbatore,266.7
2026-06-14,Cabbage,Coimbatore,199.4
2026-06-15,Cabbage,Coimbatore,205.3
2026-06-16,Cabbage,Coimbatore,183.1
2026-06-17,Cabbage,Coimbatore,208.2
2026-06-18,Cabbage,Coimbatore,200.3
2026-06-19,Cabbage,Coimbatore,254.9
2026-06-20,Cabbage,Coimbatore,279.6
2026-06-21,Cabbage,Coimbatore,190.4
2026-06-22,Cabbage,Coimbatore,212.0
2026-06-23,Cabbage,Coimbatore,213.1
2026-06-24,Cabbage,Coimbatore,205.8
2026-06-25,Cabbage,Coimbatore,178.0
2026-06-26,Cabbage,Coimbatore,255.0
2026-06-27,Cabbage,Coimbatore,278.3
2026-06-28,Cabbage,Coimbatore,163.7
2026-06-29,Cabbage,Coimbatore,187.7
2026-06-30,Cabbage,Coimbatore,207.5
2026-07-01,Cabbage,Coimbatore,187.8
2026-07-02,Cabbage,Coimbatore,201.2
2026-07-03,Cabbage,Coimbatore,266.3
2026-07-04,Cabbage,Coimbatore,248.0
2026-07-05,Cabbage,Coimbatore,195.2
2026-07-06,Cabbage,Coimbatore,188.5
2026-07-07,Cabbage,Coimbatore,191.1
2026-07-08,Cabbage,Coimbatore,217.7
2026-07-09,Cabbage,Coimbatore,184.7
2026-07-10,Cabbage,Coimbatore,235.4
2026-07-11,Cabbage,Coimbatore,255.7
2026-07-12,Cabbage,Coimbatore,171.6
2026-07-13,Cabbage,Coimbatore,174.5
2026-07-14,Cabbage,Coimbatore,174.1
2026-07-15,Cabbage,Coimbatore,178.9
2026-07-16,Cabbage,Coimbatore,179.1
2026-07-17,Cabbage,Coimbatore,246.8
2026-07-18,Cabbage,Coimbatore,230.6
2026-07-19,Cabbage,Coimbatore,192.0
2026-07-20,Cabbage,Coimbatore,193.4
2026-07-21,Cabbage,Coimbatore,170.1
2026-07-22,Cabbage,Coimbatore,192.1
2026-07-23,Cabbage,Coimbatore,193.0
2026-07-24,Cabbage,Coimbatore,205.7
2026-07-25,Cabbage,Coimbatore,236.0
2026-07-26,Cabbage,Coimbatore,170.1
2026-07-27,Cabbage,Coimbatore,196.8
2026-07-28,Cabbage,Coimbatore,169.0
2026-07-29,Cabbage,Coimbatore,156.3
2026-07-30,Cabbage,Coimbatore,175.5
2026-07-31,Cabbage,Coimbatore,214.7
2026-08-01,Cabbage,Coimbatore,240.3
2026-08-02,Cabbage,Coimbatore,162.5
2026-08-03,Cabbage,Coimbatore,174.0
2026-08-04,Cabbage,Coimbatore,197.0
2026-08-05,Cabbage,Coimbatore,189.9
2026-08-06,Cabbage,Coimbatore,180.2
2026-08-07,Cabbage,Coimbatore,222.5
2026-08-08,Cabbage,Coimbatore,229.6
2026-08-09,Cabbage,Coimbatore,182.2
2026-08-10,Cabbage,Coimbatore,156.7
2026-08-11,Cabbage,Coimbatore,183.8
2026-08-12,Cabbage,Coimbatore,154.2
2026-08-13,Cabbage,Coimbatore,178.9
2026-08-14,Cabbage,Coimbatore,204.4
2026-08-15,Cabbage,Coimbatore,249.9
2026-08-16,Cabbage,Coimbatore,180.7
2026-08-17,Cabbage,Coimbatore,145.6
2026-08-18,Cabbage,Coimbatore,168.6
2026-08-19,Cabbage,Coimbatore,160.4
2026-08-20,Cabbage,Coimbatore,158.3
2026-08-21,Cabbage,Coimbatore,220.1
2026-08-22,Cabbage,Coimbatore,203.6
2026-08-23,Cabbage,Coimbatore,178.4
2026-08-24,Cabbage,Coimbatore,177.3
2026-08-25,Cabbage,Coimbatore,171.7
2026-08-26,Cabbage,Coimbatore,165.8
2026-08-27,Cabbage,Coimbatore,175.7
2026-03-01,Cabbage,Madurai,292.0
2026-03-02,Cabbage,Madurai,312.8
2026-03-03,Cabbage,Madurai,285.2
2026-03-04,Cabbage,Madurai,309.7
2026-03-05,Cabbage,Madurai,320.3
2026-03-06,Cabbage,Madurai,385.8
2026-03-07,Cabbage,Madurai,420.6
2026-03-08,Cabbage,Madurai,309.8
2026-03-09,Cabbage,Madurai,310.2
2026-03-10,Cabbage,Madurai,321.1
2026-03-11,Cabbage,Madurai,325.3
2026-03-12,Cabbage,Madurai,305.0
2026-03-13,Cabbage,Madurai,403.7
2026-03-14,Cabbage,Madurai,413.0
2026-03-15,Cabbage,Madurai,284.3
2026-03-16,Cabbage,Madurai,276.0
2026-03-17,Cabbage,Madurai,301.3
2026-03-18,Cabbage,Madurai,276.0
2026-03-19,Cabbage,Madurai,297.8
2026-03-20,Cabbage,Madurai,398.1
2026-03-21,Cabbage,Madurai,389.5
2026-03-22,Cabbage,Madurai,300.8
2026-03-23,Cabbage,Madurai,288.0
2026-03-24,Cabbage,Madurai,314.9
2026-03-25,Cabbage,Madurai,287.2
2026-03-26,Cabbage,Madurai,271.7
2026-03-27,Cabbage,Madurai,391.2
2026-03-28,Cabbage,Madurai,408.1
2026-03-29,Cabbage,Madurai,304.6
2026-03-30,Cabbage,Madurai,286.0
2026-03-31,Cabbage,Madurai,305.0
2026-04-01,Cabbage,Madurai,310.1
2026-04-02,Cabbage,Madurai,304.9
2026-04-03,Cabbage,Madurai,390.6
2026-04-04,Cabbage,Madurai,401.8
2026-04-05,Cabbage,Madurai,277.3
2026-04-06,Cabbage,Madurai,290.0
2026-04-07,Cabbage,Madurai,283.7
2026-04-08,Cabbage,Madurai,323.5
2026-04-09,Cabbage,Madurai,313.8
2026-04-10,Cabbage,Madurai,396.7
2026-04-11,Cabbage,Madurai,372.1
2026-04-12,Cabbage,Madurai,314.0
2026-04-13,Cabbage,Madurai,323.5
2026-04-14,Cabbage,Madurai,311.1
2026-04-15,Cabbage,Madurai,301.9
2026-04-16,Cabbage,Madurai,311.7
2026-04-17,Cabbage,Madurai,396.8
2026-04-18,Cabbage,Madurai,406.3
2026-04-19,Cabbage,Madurai,315.2
2026-04-20,Cabbage,Madurai,298.1
2026-04-21,Cabbage,Madurai,291.3
2026-04-22,Cabbage,Madurai,295.0
2026-04-23,Cabbage,Madurai,308.8
2026-04-24,Cabbage,Madurai,385.6
2026-04-25,Cabbage,Madurai,379.1
2026-04-26,Cabbage,Madurai,299.9
2026-04-27,Cabbage,Madurai,316.3
2026-04-28,Cabbage,Madurai,301.4
2026-04-29,Cabbage,Madurai,294.9
2026-04-30,Cabbage,Madurai,303.6
2026-05-01,Cabbage,Madurai,389.2
2026-05-02,Cabbage,Madurai,358.5
2026-05-03,Cabbage,Madurai,308.2
2026-05-04,Cabbage,Madurai,303.5
2026-05-05,Cabbage,Madurai,297.2
2026-05-06,Cabbage,Madurai,312.6
2026-05-07,Cabbage,Madurai,314.4
2026-05-08,Cabbage,Madurai,396.6
2026-05-09,Cabbage,Madurai,371.3
2026-05-10,Cabbage,Madurai,282.8
2026-05-11,Cabbage,Madurai,311.3
2026-05-12,Cabbage,Madurai,266.0
2026-05-13,Cabbage,Madurai,291.5
2026-05-14,Cabbage,Madurai,299.9
2026-05-15,Cabbage,Madurai,354.4
2026-05-16,Cabbage,Madurai,383.5
2026-05-17,Cabbage,Madurai,306.2
2026-05-18,Cabbage,Madurai,269.1
2026-05-19,Cabbage,Madurai,315.7
2026-05-20,Cabbage,Madurai,275.2
2026-05-21,Cabbage,Madurai,298.5
2026-05-22,Cabbage,Madurai,374.9
2026-05-23,Cabbage,Madurai,376.5
2026-05-24,Cabbage,Madurai,269.0
2026-05-25,Cabbage,Madurai,306.6
2026-05-26,Cabbage,Madurai,292.1
2026-05-27,Cabbage,Madurai,310.9
2026-05-28,Cabbage,Madurai,267.2
2026-05-29,Cabbage,Madurai,368.4
2026-05-30,Cabbage,Madurai,373.5
2026-05-31,Cabbage,Madurai,285.2
2026-06-01,Cabbage,Madurai,293.8
2026-06-02,Cabbage,Madurai,280.3
2026-06-03,Cabbage,Madurai,314.4
2026-06-04,Cabbage,Madurai,282.6
2026-06-05,Cabbage,Madurai,322.5
2026-06-06,Cabbage,Madurai,366.2
2026-06-07,Cabbage,Madurai,299.0
2026-06-08,Cabbage,Madurai,265.6
2026-06-09,Cabbage,Madurai,264.1
2026-06-10,Cabbage,Madurai,265.6
2026-06-11,Cabbage,Madurai,261.4
2026-06-12,Cabbage,Madurai,352.8
2026-06-13,Cabbage,Madurai,372.8
2026-06-14,Cabbage,Madurai,298.6
2026-06-15,Cabbage,Madurai,238.6
2026-06-16,Cabbage,Madurai,268.7
2026-06-17,Cabbage,Madurai,278.2
2026-06-18,Cabbage,Madurai,276.1
2026-06-19,Cabbage,Madurai,382.6
2026-06-20,Cabbage,Madurai,323.0
2026-06-21,Cabbage,Madurai,232.2
2026-06-22,Cabbage,Madurai,301.3
2026-06-23,Cabbage,Madurai,281.0
2026-06-24,Cabbage,Madurai,260.4
2026-06-25,Cabbage,Madurai,270.9
2026-06-26,Cabbage,Madurai,351.6
2026-06-27,Cabbage,Madurai,338.1
2026-06-28,Cabbage,Madurai,268.4
2026-06-29,Cabbage,Madurai,270.9
2026-06-30,Cabbage,Madurai,295.2
2026-07-01,Cabbage,Madurai,278.7
2026-07-02,Cabbage,Madurai,289.7
2026-07-03,Cabbage,Madurai,321.6
2026-07-04,Cabbage,Madurai,335.7
2026-07-05,Cabbage,Madurai,265.2
2026-07-06,Cabbage,Madurai,232.0
2026-07-07,Cabbage,Madurai,277.9
2026-07-08,Cabbage,Madurai,269.1
2026-07-09,Cabbage,Madurai,253.3
2026-07-10,Cabbage,Madurai,332.8
2026-07-11,Cabbage,Madurai,353.5
2026-07-12,Cabbage,Madurai,244.9
2026-07-13,Cabbage,Madurai,275.5
2026-07-14,Cabbage,Madurai,251.7
2026-07-15,Cabbage,Madurai,266.1
2026-07-16,Cabbage,Madurai,255.4
2026-07-17,Cabbage,Madurai,363.0
2026-07-18,Cabbage,Madurai,315.4
2026-07-19,Cabbage,Madurai,243.6
2026-07-20,Cabbage,Madurai,228.9
2026-07-21,Cabbage,Madurai,234.4
2026-07-22,Cabbage,Madurai,260.9
2026-07-23,Cabbage,Madurai,273.6
2026-07-24,Cabbage,Madurai,336.0
2026-07-25,Cabbage,Madurai,322.8
2026-07-26,Cabbage,Madurai,234.3
2026-07-27,Cabbage,Madurai,260.6
2026-07-28,Cabbage,Madurai,232.2
2026-07-29,Cabbage,Madurai,225.6
2026-07-30,Cabbage,Madurai,240.6
2026-07-31,Cabbage,Madurai,287.6
2026-08-01,Cabbage,Madurai,296.6
2026-08-02,Cabbage,Madurai,271.8
2026-08-03,Cabbage,Madurai,219.4
2026-08-04,Cabbage,Madurai,224.5
2026-08-05,Cabbage,Madurai,242.8
2026-08-06,Cabbage,Madurai,243.1
2026-08-07,Cabbage,Madurai,309.3
2026-08-08,Cabbage,Madurai,282.1
2026-08-09,Cabbage,Madurai,252.3
2026-08-10,Cabbage,Madurai,232.4
2026-08-11,Cabbage,Madurai,256.8
2026-08-12,Cabbage,Madurai,228.3
2026-08-13,Cabbage,Madurai,252.2
2026-08-14,Cabbage,Madurai,327.5
2026-08-15,Cabbage,Madurai,300.4
2026-08-16,Cabbage,Madurai,249.2
2026-08-17,Cabbage,Madurai,215.6
2026-08-18,Cabbage,Madurai,239.0
2026-08-19,Cabbage,Madurai,252.9
2026-08-20,Cabbage,Madurai,241.9
2026-08-21,Cabbage,Madurai,339.9
2026-08-22,Cabbage,Madurai,311.8
2026-08-23,Cabbage,Madurai,227.3
2026-08-24,Cabbage,Madurai,275.0
2026-08-25,Cabbage,Madurai,256.5
2026-08-26,Cabbage,Madurai,207.5
2026-08-27,Cabbage,Madurai,219.4
2026-03-01,Cabbage,Trichy,303.4
2026-03-02,Cabbage,Trichy,285.8
2026-03-03,Cabbage,Trichy,289.5
2026-03-04,Cabbage,Trichy,315.0
2026-03-05,Cabbage,Trichy,280.7
2026-03-06,Cabbage,Trichy,369.8
2026-03-07,Cabbage,Trichy,412.1
2026-03-08,Cabbage,Trichy,294.3
2026-03-09,Cabbage,Trichy,315.4
2026-03-10,Cabbage,Trichy,273.0
2026-03-11,Cabbage,Trichy,274.5
2026-03-12,Cabbage,Trichy,283.8
2026-03-13,Cabbage,Trichy,379.8
2026-03-14,Cabbage,Trichy,366.2
2026-03-15,Cabbage,Trichy,303.7
2026-03-16,Cabbage,Trichy,304.8
2026-03-17,Cabbage,Trichy,285.0
2026-03-18,Cabbage,Trichy,286.4
2026-03-19,Cabbage,Trichy,288.5
2026-03-20,Cabbage,Trichy,371.2
2026-03-21,Cabbage,Trichy,345.4
2026-03-22,Cabbage,Trichy,297.9
2026-03-23,Cabbage,Trichy,292.9
2026-03-24,Cabbage,Trichy,294.5
2026-03-25,Cabbage,Trichy,284.3
2026-03-26,Cabbage,Trichy,311.8
2026-03-27,Cabbage,Trichy,426.0
2026-03-28,Cabbage,Trichy,377.1
2026-03-29,Cabbage,Trichy,320.8
2026-03-30,Cabbage,Trichy,305.3
2026-03-31,Cabbage,Trichy,300.4
2026-04-01,Cabbage,Trichy,294.7
2026-04-02,Cabbage,Trichy,298.6
2026-04-03,Cabbage,Trichy,407.0
2026-04-04,Cabbage,Trichy,372.6
2026-04-05,Cabbage,Trichy,295.6
2026-04-06,Cabbage,Trichy,318.4
2026-04-07,Cabbage,Trichy,314.4
2026-04-08,Cabbage,Trichy,282.7
2026-04-09,Cabbage,Trichy,296.7
2026-04-10,Cabbage,Trichy,400.1
2026-04-11,Cabbage,Trichy,399.0
2026-04-12,Cabbage,Trichy,313.8
2026-04-13,Cabbage,Trichy,304.8
2026-04-14,Cabbage,Trichy,307.2
2026-04-15,Cabbage,Trichy,303.9
2026-04-16,Cabbage,Trichy,322.3
2026-04-17,Cabbage,Trichy,381.6
2026-04-18,Cabbage,Trichy,388.4
2026-04-19,Cabbage,Trichy,282.8
2026-04-20,Cabbage,Trichy,279.6
2026-04-21,Cabbage,Trichy,302.5
2026-04-22,Cabbage,Trichy,286.5
2026-04-23,Cabbage,Trichy,296.3
2026-04-24,Cabbage,Trichy,410.2
2026-04-25,Cabbage,Trichy,409.0
2026-04-26,Cabbage,Trichy,329.7
2026-04-27,Cabbage,Trichy,320.6
2026-04-28,Cabbage,Trichy,331.8
2026-04-29,Cabbage,Trichy,302.0
2026-04-30,Cabbage,Trichy,281.6
2026-05-01,Cabbage,Trichy,368.2
2026-05-02,Cabbage,Trichy,403.8
2026-05-03,Cabbage,Trichy,294.9
2026-05-04,Cabbage,Trichy,295.7
2026-05-05,Cabbage,Trichy,285.2
2026-05-06,Cabbage,Trichy,286.6
2026-05-07,Cabbage,Trichy,298.4
2026-05-08,Cabbage,Trichy,364.1
2026-05-09,Cabbage,Trichy,383.3
2026-05-10,Cabbage,Trichy,314.1
2026-05-11,Cabbage,Trichy,259.0
2026-05-12,Cabbage,Trichy,267.5
2026-05-13,Cabbage,Trichy,300.3
2026-05-14,Cabbage,Trichy,310.2
2026-05-15,Cabbage,Trichy,368.7
2026-05-16,Cabbage,Trichy,345.4
2026-05-17,Cabbage,Trichy,309.8
2026-05-18,Cabbage,Trichy,275.7
2026-05-19,Cabbage,Trichy,281.9
2026-05-20,Cabbage,Trichy,291.6
2026-05-21,Cabbage,Trichy,276.3
2026-05-22,Cabbage,Trichy,358.4
2026-05-23,Cabbage,Trichy,358.0
2026-05-24,Cabbage,Trichy,312.7
2026-05-25,Cabbage,Trichy,301.6
2026-05-26,Cabbage,Trichy,292.3
2026-05-27,Cabbage,Trichy,250.4
2026-05-28,Cabbage,Trichy,291.3
2026-05-29,Cabbage,Trichy,374.5
2026-05-30,Cabbage,Trichy,346.7
2026-05-31,Cabbage,Trichy,284.8
2026-06-01,Cabbage,Trichy,296.1
2026-06-02,Cabbage,Trichy,288.3
2026-06-03,Cabbage,Trichy,268.9
2026-06-04,Cabbage,Trichy,278.7
2026-06-05,Cabbage,Trichy,372.3
2026-06-06,Cabbage,Trichy,361.4
2026-06-07,Cabbage,Trichy,295.5
2026-06-08,Cabbage,Trichy,282.0
2026-06-09,Cabbage,Trichy,286.8
2026-06-10,Cabbage,Trichy,287.2
2026-06-11,Cabbage,Trichy,258.2
2026-06-12,Cabbage,Trichy,356.4
2026-06-13,Cabbage,Trichy,349.9
2026-06-14,Cabbage,Trichy,288.0
2026-06-15,Cabbage,Trichy,278.6
2026-06-16,Cabbage,Trichy,268.2
2026-06-17,Cabbage,Trichy,251.2
2026-06-18,Cabbage,Trichy,245.8
2026-06-19,Cabbage,Trichy,354.4
2026-06-20,Cabbage,Trichy,338.2
2026-06-21,Cabbage,Trichy,277.7
2026-06-22,Cabbage,Trichy,242.4
2026-06-23,Cabbage,Trichy,290.3
2026-06-24,Cabbage,Trichy,275.7
2026-06-25,Cabbage,Trichy,266.6
2026-06-26,Cabbage,Trichy,369.0
2026-06-27,Cabbage,Trichy,357.1
2026-06-28,Cabbage,Trichy,255.9
2026-06-29,Cabbage,Trichy,263.6
2026-06-30,Cabbage,Trichy,232.3
2026-07-01,Cabbage,Trichy,277.0
2026-07-02,Cabbage,Trichy,255.9
2026-07-03,Cabbage,Trichy,308.0
2026-07-04,Cabbage,Trichy,319.0
2026-07-05,Cabbage,Trichy,271.4
2026-07-06,Cabbage,Trichy,281.9
2026-07-07,Cabbage,Trichy,257.3
2026-07-08,Cabbage,Trichy,241.6
2026-07-09,Cabbage,Trichy,234.4
2026-07-10,Cabbage,Trichy,352.7
2026-07-11,Cabbage,Trichy,337.4
2026-07-12,Cabbage,Trichy,248.7
2026-07-13,Cabbage,Trichy,244.5
2026-07-14,Cabbage,Trichy,262.4
2026-07-15,Cabbage,Trichy,261.4
2026-07-16,Cabbage,Trichy,237.6
2026-07-17,Cabbage,Trichy,308.4
2026-07-18,Cabbage,Trichy,308.3
2026-07-19,Cabbage,Trichy,242.1
2026-07-20,Cabbage,Trichy,238.1
2026-07-21,Cabbage,Trichy,272.1
2026-07-22,Cabbage,Trichy,239.6
2026-07-23,Cabbage,Trichy,227.8
2026-07-24,Cabbage,Trichy,301.8
2026-07-25,Cabbage,Trichy,316.2
2026-07-26,Cabbage,Trichy,217.4
2026-07-27,Cabbage,Trichy,243.2
2026-07-28,Cabbage,Trichy,223.4
2026-07-29,Cabbage,Trichy,260.3
2026-07-30,Cabbage,Trichy,244.0
2026-07-31,Cabbage,Trichy,346.0
2026-08-01,Cabbage,Trichy,310.0
2026-08-02,Cabbage,Trichy,193.6
2026-08-03,Cabbage,Trichy,261.8
2026-08-04,Cabbage,Trichy,246.9
2026-08-05,Cabbage,Trichy,248.7
2026-08-06,Cabbage,Trichy,223.2
2026-08-07,Cabbage,Trichy,308.4
2026-08-08,Cabbage,Trichy,311.1
2026-08-09,Cabbage,Trichy,233.1
2026-08-10,Cabbage,Trichy,210.1
2026-08-11,Cabbage,Trichy,277.1
2026-08-12,Cabbage,Trichy,247.6
2026-08-13,Cabbage,Trichy,240.9
2026-08-14,Cabbage,Trichy,324.0
2026-08-15,Cabbage,Trichy,313.4
2026-08-16,Cabbage,Trichy,223.0
2026-08-17,Cabbage,Trichy,251.4
2026-08-18,Cabbage,Trichy,245.0
2026-08-19,Cabbage,Trichy,222.1
2026-08-20,Cabbage,Trichy,243.1
2026-08-21,Cabbage,Trichy,296.5
2026-08-22,Cabbage,Trichy,302.7
2026-08-23,Cabbage,Trichy,239.0
2026-08-24,Cabbage,Trichy,250.1
2026-08-25,Cabbage,Trichy,219.5
2026-08-26,Cabbage,Trichy,234.3
2026-08-27,Cabbage,Trichy,258.6
2026-03-01,Cabbage,Salem,196.8
2026-03-02,Cabbage,Salem,196.4
2026-03-03,Cabbage,Salem,197.2
2026-03-04,Cabbage,Salem,188.8
2026-03-05,Cabbage,Salem,195.2
2026-03-06,Cabbage,Salem,266.9
2026-03-07,Cabbage,Salem,234.1
2026-03-08,Cabbage,Salem,216.9
2026-03-09,Cabbage,Salem,208.6
2026-03-10,Cabbage,Salem,179.6
2026-03-11,Cabbage,Salem,200.0
2026-03-12,Cabbage,Salem,207.9
2026-03-13,Cabbage,Salem,234.4
2026-03-14,Cabbage,Salem,253.7
2026-03-15,Cabbage,Salem,193.6
2026-03-16,Cabbage,Salem,185.2
2026-03-17,Cabbage,Salem,196.4
2026-03-18,Cabbage,Salem,186.1
2026-03-19,Cabbage,Salem,215.9
2026-03-20,Cabbage,Salem,244.6
2026-03-21,Cabbage,Salem,265.9
2026-03-22,Cabbage,Salem,170.7
2026-03-23,Cabbage,Salem,193.2
2026-03-24,Cabbage,Salem,195.8
2026-03-25,Cabbage,Salem,192.8
2026-03-26,Cabbage,Salem,189.8
2026-03-27,Cabbage,Salem,244.5
2026-03-28,Cabbage,Salem,265.9
2026-03-29,Cabbage,Salem,210.9
2026-03-30,Cabbage,Salem,194.7
2026-03-31,Cabbage,Salem,179.5
2026-04-01,Cabbage,Salem,222.8
2026-04-02,Cabbage,Salem,182.7
2026-04-03,Cabbage,Salem,232.8
2026-04-04,Cabbage,Salem,224.5
2026-04-05,Cabbage,Salem,197.4
2026-04-06,Cabbage,Salem,192.6
2026-04-07,Cabbage,Salem,211.3
2026-04-08,Cabbage,Salem,204.9
2026-04-09,Cabbage,Salem,200.0
2026-04-10,Cabbage,Salem,250.2
2026-04-11,Cabbage,Salem,270.9
2026-04-12,Cabbage,Salem,223.5
2026-04-13,Cabbage,Salem,210.5
2026-04-14,Cabbage,Salem,188.3
2026-04-15,Cabbage,Salem,206.9
2026-04-16,Cabbage,Salem,189.1
2026-04-17,Cabbage,Salem,236.9
2026-04-18,Cabbage,Salem,239.8
2026-04-19,Cabbage,Salem,189.4
2026-04-20,Cabbage,Salem,196.2
2026-04-21,Cabbage,Salem,225.4
2026-04-22,Cabbage,Salem,181.1
2026-04-23,Cabbage,Salem,214.0
2026-04-24,Cabbage,Salem,247.4
2026-04-25,Cabbage,Salem,221.7
2026-04-26,Cabbage,Salem,186.0
2026-04-27,Cabbage,Salem,211.1
2026-04-28,Cabbage,Salem,198.4
2026-04-29,Cabbage,Salem,199.1
2026-04-30,Cabbage,Salem,212.8
2026-05-01,Cabbage,Salem,234.9
2026-05-02,Cabbage,Salem,234.4
2026-05-03,Cabbage,Salem,158.2
2026-05-04,Cabbage,Salem,205.1
2026-05-05,Cabbage,Salem,200.2
2026-05-06,Cabbage,Salem,202.3
2026-05-07,Cabbage,Salem,173.5
2026-05-08,Cabbage,Salem,224.2
2026-05-09,Cabbage,Salem,228.1
2026-05-10,Cabbage,Salem,176.6
2026-05-11,Cabbage,Salem,213.5
2026-05-12,Cabbage,Salem,204.9
2026-05-13,Cabbage,Salem,182.7
2026-05-14,Cabbage,Salem,193.8
2026-05-15,Cabbage,Salem,235.5
2026-05-16,Cabbage,Salem,250.8
2026-05-17,Cabbage,Salem,171.3
2026-05-18,Cabbage,Salem,199.3
2026-05-19,Cabbage,Salem,175.0
2026-05-20,Cabbage,Salem,199.5
2026-05-21,Cabbage,Salem,180.7
2026-05-22,Cabbage,Salem,230.9
2026-05-23,Cabbage,Salem,266.6
2026-05-24,Cabbage,Salem,188.7
2026-05-25,Cabbage,Salem,180.9
2026-05-26,Cabbage,Salem,196.8
2026-05-27,Cabbage,Salem,164.9
2026-05-28,Cabbage,Salem,201.3
2026-05-29,Cabbage,Salem,237.5
2026-05-30,Cabbage,Salem,248.1
2026-05-31,Cabbage,Salem,160.3
2026-06-01,Cabbage,Salem,177.4
2026-06-02,Cabbage,Salem,182.9
2026-06-03,Cabbage,Salem,197.9
2026-06-04,Cabbage,Salem,192.2
2026-06-05,Cabbage,Salem,230.2
2026-06-06,Cabbage,Salem,240.4
2026-06-07,Cabbage,Salem,199.7
2026-06-08,Cabbage,Salem,177.4
2026-06-09,Cabbage,Salem,175.4
2026-06-10,Cabbage,Salem,151.3
2026-06-11,Cabbage,Salem,175.0
2026-06-12,Cabbage,Salem,206.3
2026-06-13,Cabbage,Salem,230.2
2026-06-14,Cabbage,Salem,192.8
2026-06-15,Cabbage,Salem,145.7
2026-06-16,Cabbage,Salem,195.6
2026-06-17,Cabbage,Salem,171.7
2026-06-18,Cabbage,Salem,175.8
2026-06-19,Cabbage,Salem,221.0
2026-06-20,Cabbage,Salem,202.3
2026-06-21,Cabbage,Salem,163.2
2026-06-22,Cabbage,Salem,206.0
2026-06-23,Cabbage,Salem,157.6
2026-06-24,Cabbage,Salem,149.8
2026-06-25,Cabbage,Salem,175.3
2026-06-26,Cabbage,Salem,223.3
2026-06-27,Cabbage,Salem,219.2
2026-06-28,Cabbage,Salem,172.1
2026-06-29,Cabbage,Salem,181.1
2026-06-30,Cabbage,Salem,162.2
2026-07-01,Cabbage,Salem,173.5
2026-07-02,Cabbage,Salem,185.5
2026-07-03,Cabbage,Salem,205.7
2026-07-04,Cabbage,Salem,185.2
2026-07-05,Cabbage,Salem,178.9
2026-07-06,Cabbage,Salem,205.9
2026-07-07,Cabbage,Salem,167.8
2026-07-08,Cabbage,Salem,170.5
2026-07-09,Cabbage,Salem,162.6
2026-07-10,Cabbage,Salem,240.4
2026-07-11,Cabbage,Salem,214.9
2026-07-12,Cabbage,Salem,163.0
2026-07-13,Cabbage,Salem,179.0
2026-07-14,Cabbage,Salem,157.6
2026-07-15,Cabbage,Salem,145.2
2026-07-16,Cabbage,Salem,177.3
2026-07-17,Cabbage,Salem,203.8
2026-07-18,Cabbage,Salem,197.5
2026-07-19,Cabbage,Salem,194.3
2026-07-20,Cabbage,Salem,159.7
2026-07-21,Cabbage,Salem,169.4
2026-07-22,Cabbage,Salem,162.0
2026-07-23,Cabbage,Salem,147.8
2026-07-24,Cabbage,Salem,219.3
2026-07-25,Cabbage,Salem,213.1
2026-07-26,Cabbage,Salem,150.0
2026-07-27,Cabbage,Salem,166.0
2026-07-28,Cabbage,Salem,151.4
2026-07-29,Cabbage,Salem,142.1
2026-07-30,Cabbage,Salem,140.2
2026-07-31,Cabbage,Salem,209.4
2026-08-01,Cabbage,Salem,199.1
2026-08-02,Cabbage,Salem,179.7
2026-08-03,Cabbage,Salem,156.2
2026-08-04,Cabbage,Salem,144.6
2026-08-05,Cabbage,Salem,158.4
2026-08-06,Cabbage,Salem,136.3
2026-08-07,Cabbage,Salem,200.7
2026-08-08,Cabbage,Salem,206.3
2026-08-09,Cabbage,Salem,157.6
2026-08-10,Cabbage,Salem,173.8
2026-08-11,Cabbage,Salem,192.9
2026-08-12,Cabbage,Salem,163.7
2026-08-13,Cabbage,Salem,171.0
2026-08-14,Cabbage,Salem,237.0
2026-08-15,Cabbage,Salem,183.3
2026-08-16,Cabbage,Salem,154.3
2026-08-17,Cabbage,Salem,144.9
2026-08-18,Cabbage,Salem,164.4
2026-08-19,Cabbage,Salem,155.5
2026-08-20,Cabbage,Salem,138.8
2026-08-21,Cabbage,Salem,196.3
2026-08-22,Cabbage,Salem,211.4
2026-08-23,Cabbage,Salem,130.7
2026-08-24,Cabbage,Salem,138.1
2026-08-25,Cabbage,Salem,135.5
2026-08-26,Cabbage,Salem,154.4
2026-08-27,Cabbage,Salem,167.9
2026-03-01,Carrot,Chennai,186.0
2026-03-02,Carrot,Chennai,215.2
2026-03-03,Carrot,Chennai,196.8
2026-03-04,Carrot,Chennai,202.5
2026-03-05,Carrot,Chennai,200.8
2026-03-06,Carrot,Chennai,278.1
2026-03-07,Carrot,Chennai,292.3
2026-03-08,Carrot,Chennai,184.3
2026-03-09,Carrot,Chennai,187.3
2026-03-10,Carrot,Chennai,206.5
2026-03-11,Carrot,Chennai,189.6
2026-03-12,Carrot,Chennai,216.1
2026-03-13,Carrot,Chennai,279.3
2026-03-14,Carrot,Chennai,254.9
2026-03-15,Carrot,Chennai,191.0
2026-03-16,Carrot,Chennai,198.5
2026-03-17,Carrot,Chennai,204.3
2026-03-18,Carrot,Chennai,207.6
2026-03-19,Carrot,Chennai,169.2
2026-03-20,Carrot,Chennai,249.5
2026-03-21,Carrot,Chennai,258.0
2026-03-22,Carrot,Chennai,191.3
2026-03-23,Carrot,Chennai,160.3
2026-03-24,Carrot,Chennai,175.1
2026-03-25,Carrot,Chennai,183.9
2026-03-26,Carrot,Chennai,201.8
2026-03-27,Carrot,Chennai,258.1
2026-03-28,Carrot,Chennai,255.2
2026-03-29,Carrot,Chennai,215.6
2026-03-30,Carrot,Chennai,215.6
2026-03-31,Carrot,Chennai,205.9
2026-04-01,Carrot,Chennai,205.4
2026-04-02,Carrot,Chennai,190.8
2026-04-03,Carrot,Chennai,253.7
2026-04-04,Carrot,Chennai,239.1
2026-04-05,Carrot,Chennai,199.8
2026-04-06,Carrot,Chennai,215.3
2026-04-07,Carrot,Chennai,223.8
2026-04-08,Carrot,Chennai,199.8
2026-04-09,Carrot,Chennai,210.8
2026-04-10,Carrot,Chennai,221.5
2026-04-11,Carrot,Chennai,257.8
2026-04-12,Carrot,Chennai,196.3
2026-04-13,Carrot,Chennai,225.5
2026-04-14,Carrot,Chennai,208.9
2026-04-15,Carrot,Chennai,210.3
2026-04-16,Carrot,Chennai,209.4
2026-04-17,Carrot,Chennai,264.2
2026-04-18,Carrot,Chennai,286.3
2026-04-19,Carrot,Chennai,167.8
2026-04-20,Carrot,Chennai,204.5
2026-04-21,Carrot,Chennai,219.1
2026-04-22,Carrot,Chennai,173.6
2026-04-23,Carrot,Chennai,214.4
2026-04-24,Carrot,Chennai,250.7
2026-04-25,Carrot,Chennai,263.5
2026-04-26,Carrot,Chennai,189.6
2026-04-27,Carrot,Chennai,215.5
2026-04-28,Carrot,Chennai,196.6
2026-04-29,Carrot,Chennai,213.4
2026-04-30,Carrot,Chennai,207.0
2026-05-01,Carrot,Chennai,248.4
2026-05-02,Carrot,Chennai,267.5
2026-05-03,Carrot,Chennai,189.8
2026-05-04,Carrot,Chennai,200.5
2026-05-05,Carrot,Chennai,194.7
2026-05-06,Carrot,Chennai,212.5
2026-05-07,Carrot,Chennai,206.9
2026-05-08,Carrot,Chennai,257.6
2026-05-09,Carrot,Chennai,247.4
2026-05-10,Carrot,Chennai,178.9
2026-05-11,Carrot,Chennai,199.7
2026-05-12,Carrot,Chennai,187.9
2026-05-13,Carrot,Chennai,168.9
2026-05-14,Carrot,Chennai,176.8
2026-05-15,Carrot,Chennai,279.8
2026-05-16,Carrot,Chennai,245.1
2026-05-17,Carrot,Chennai,212.1
2026-05-18,Carrot,Chennai,190.2
2026-05-19,Carrot,Chennai,213.8
2026-05-20,Carrot,Chennai,212.3
2026-05-21,Carrot,Chennai,182.1
2026-05-22,Carrot,Chennai,222.6
2026-05-23,Carrot,Chennai,223.4
2026-05-24,Carrot,Chennai,181.3
2026-05-25,Carrot,Chennai,221.4
2026-05-26,Carrot,Chennai,186.5
2026-05-27,Carrot,Chennai,194.5
2026-05-28,Carrot,Chennai,211.5
2026-05-29,Carrot,Chennai,250.7
2026-05-30,Carrot,Chennai,249.7
2026-05-31,Carrot,Chennai,200.1
2026-06-01,Carrot,Chennai,194.7
2026-06-02,Carrot,Chennai,188.5
2026-06-03,Carrot,Chennai,178.8
2026-06-04,Carrot,Chennai,190.4
2026-06-05,Carrot,Chennai,261.8
2026-06-06,Carrot,Chennai,271.6
2026-06-07,Carrot,Chennai,192.3
2026-06-08,Carrot,Chennai,198.9
2026-06-09,Carrot,Chennai,191.2
2026-06-10,Carrot,Chennai,185.4
2026-06-11,Carrot,Chennai,194.0
2026-06-12,Carrot,Chennai,259.4
2026-06-13,Carrot,Chennai,227.7
2026-06-14,Carrot,Chennai,163.2
2026-06-15,Carrot,Chennai,176.5
2026-06-16,Carrot,Chennai,187.3
2026-06-17,Carrot,Chennai,196.7
2026-06-18,Carrot,Chennai,168.4
2026-06-19,Carrot,Chennai,200.3
2026-06-20,Carrot,Chennai,229.4
2026-06-21,Carrot,Chennai,179.0
2026-06-22,Carrot,Chennai,164.0
2026-06-23,Carrot,Chennai,169.6
2026-06-24,Carrot,Chennai,193.5
2026-06-25,Carrot,Chennai,181.2
2026-06-26,Carrot,Chennai,238.7
2026-06-27,Carrot,Chennai,227.5
2026-06-28,Carrot,Chennai,167.4
2026-06-29,Carrot,Chennai,172.8
2026-06-30,Carrot,Chennai,185.3
2026-07-01,Carrot,Chennai,154.9
2026-07-02,Carrot,Chennai,201.6
2026-07-03,Carrot,Chennai,237.9
2026-07-04,Carrot,Chennai,220.7
2026-07-05,Carrot,Chennai,187.7
2026-07-06,Carrot,Chennai,193.4
2026-07-07,Carrot,Chennai,169.6
2026-07-08,Carrot,Chennai,170.9
2026-07-09,Carrot,Chennai,196.1
2026-07-10,Carrot,Chennai,257.0
2026-07-11,Carrot,Chennai,225.0
2026-07-12,Carrot,Chennai,154.9
2026-07-13,Carrot,Chennai,164.8
2026-07-14,Carrot,Chennai,186.9
2026-07-15,Carrot,Chennai,155.5
2026-07-16,Carrot,Chennai,167.4
2026-07-17,Carrot,Chennai,225.5
2026-07-18,Carrot,Chennai,206.7
2026-07-19,Carrot,Chennai,185.7
2026-07-20,Carrot,Chennai,179.2
2026-07-21,Carrot,Chennai,198.5
2026-07-22,Carrot,Chennai,179.6
2026-07-23,Carrot,Chennai,153.1
2026-07-24,Carrot,Chennai,225.1
2026-07-25,Carrot,Chennai,231.4
2026-07-26,Carrot,Chennai,181.8
2026-07-27,Carrot,Chennai,154.1
2026-07-28,Carrot,Chennai,151.9
2026-07-29,Carrot,Chennai,147.9
2026-07-30,Carrot,Chennai,188.6
2026-07-31,Carrot,Chennai,222.8
2026-08-01,Carrot,Chennai,200.6
2026-08-02,Carrot,Chennai,165.3
2026-08-03,Carrot,Chennai,161.1
2026-08-04,Carrot,Chennai,148.0
2026-08-05,Carrot,Chennai,162.8
2026-08-06,Carrot,Chennai,164.7
2026-08-07,Carrot,Chennai,238.9
2026-08-08,Carrot,Chennai,199.6
2026-08-09,Carrot,Chennai,135.1
2026-08-10,Carrot,Chennai,144.6
2026-08-11,Carrot,Chennai,146.6
2026-08-12,Carrot,Chennai,153.3
2026-08-13,Carrot,Chennai,143.6
2026-08-14,Carrot,Chennai,219.0
2026-08-15,Carrot,Chennai,189.5
2026-08-16,Carrot,Chennai,158.6
2026-08-17,Carrot,Chennai,188.0
2026-08-18,Carrot,Chennai,166.0
2026-08-19,Carrot,Chennai,164.2
2026-08-20,Carrot,Chennai,185.0
2026-08-21,Carrot,Chennai,222.5
2026-08-22,Carrot,Chennai,211.9
2026-08-23,Carrot,Chennai,151.6
2026-08-24,Carrot,Chennai,155.6
2026-08-25,Carrot,Chennai,154.6
2026-08-26,Carrot,Chennai,149.4
2026-08-27,Carrot,Chennai,158.3
2026-03-01,Carrot,Coimbatore,200.1
2026-03-02,Carrot,Coimbatore,210.5
2026-03-03,Carrot,Coimbatore,191.5
2026-03-04,Carrot,Coimbatore,188.9
2026-03-05,Carrot,Coimbatore,163.4
2026-03-06,Carrot,Coimbatore,250.5
2026-03-07,Carrot,Coimbatore,219.3
2026-03-08,Carrot,Coimbatore,186.3
2026-03-09,Carrot,Coimbatore,187.9
2026-03-10,Carrot,Coimbatore,131.6
2026-03-11,Carrot,Coimbatore,187.3
2026-03-12,Carrot,Coimbatore,220.6
2026-03-13,Carrot,Coimbatore,204.5
2026-03-14,Carrot,Coimbatore,235.3
2026-03-15,Carrot,Coimbatore,152.5
2026-03-16,Carrot,Coimbatore,168.4
2026-03-17,Carrot,Coimbatore,153.0
2026-03-18,Carrot,Coimbatore,184.4
2026-03-19,Carrot,Coimbatore,194.0
2026-03-20,Carrot,Coimbatore,243.0
2026-03-21,Carrot,Coimbatore,223.0
2026-03-22,Carrot,Coimbatore,173.2
2026-03-23,Carrot,Coimbatore,186.5
2026-03-24,Carrot,Coimbatore,169.0
2026-03-25,Carrot,Coimbatore,162.6
2026-03-26,Carrot,Coimbatore,179.0
2026-03-27,Carrot,Coimbatore,223.3
2026-03-28,Carrot,Coimbatore,243.7
2026-03-29,Carrot,Coimbatore,202.2
2026-03-30,Carrot,Coimbatore,221.7
2026-03-31,Carrot,Coimbatore,187.8
2026-04-01,Carrot,Coimbatore,192.4
2026-04-02,Carrot,Coimbatore,173.8
2026-04-03,Carrot,Coimbatore,229.5
2026-04-04,Carrot,Coimbatore,256.8
2026-04-05,Carrot,Coimbatore,178.6
2026-04-06,Carrot,Coimbatore,183.8
2026-04-07,Carrot,Coimbatore,201.0
2026-04-08,Carrot,Coimbatore,178.6
2026-04-09,Carrot,Coimbatore,205.0
2026-04-10,Carrot,Coimbatore,245.8
2026-04-11,Carrot,Coimbatore,244.0
2026-04-12,Carrot,Coimbatore,172.6
2026-04-13,Carrot,Coimbatore,189.9
2026-04-14,Carrot,Coimbatore,175.7
2026-04-15,Carrot,Coimbatore,189.1
2026-04-16,Carrot,Coimbatore,180.5
2026-04-17,Carrot,Coimbatore,250.9
2026-04-18,Carrot,Coimbatore,235.8
2026-04-19,Carrot,Coimbatore,212.2
2026-04-20,Carrot,Coimbatore,177.4
2026-04-21,Carrot,Coimbatore,173.4
2026-04-22,Carrot,Coimbatore,186.4
2026-04-23,Carrot,Coimbatore,197.3
2026-04-24,Carrot,Coimbatore,251.3
2026-04-25,Carrot,Coimbatore,237.5
2026-04-26,Carrot,Coimbatore,185.7
2026-04-27,Carrot,Coimbatore,185.6
2026-04-28,Carrot,Coimbatore,164.1
2026-04-29,Carrot,Coimbatore,195.4
2026-04-30,Carrot,Coimbatore,161.0
2026-05-01,Carrot,Coimbatore,217.5
2026-05-02,Carrot,Coimbatore,234.2
2026-05-03,Carrot,Coimbatore,174.5
2026-05-04,Carrot,Coimbatore,191.0
2026-05-05,Carrot,Coimbatore,185.6
2026-05-06,Carrot,Coimbatore,180.7
2026-05-07,Carrot,Coimbatore,161.5
2026-05-08,Carrot,Coimbatore,232.0
2026-05-09,Carrot,Coimbatore,230.5
2026-05-10,Carrot,Coimbatore,181.0
2026-05-11,Carrot,Coimbatore,170.9
2026-05-12,Carrot,Coimbatore,185.0
2026-05-13,Carrot,Coimbatore,171.7
2026-05-14,Carrot,Coimbatore,183.0
2026-05-15,Carrot,Coimbatore,241.1
2026-05-16,Carrot,Coimbatore,220.8
2026-05-17,Carrot,Coimbatore,164.2
2026-05-18,Carrot,Coimbatore,182.6
2026-05-19,Carrot,Coimbatore,155.3
2026-05-20,Carrot,Coimbatore,191.5
2026-05-21,Carrot,Coimbatore,174.7
2026-05-22,Carrot,Coimbatore,224.8
2026-05-23,Carrot,Coimbatore,234.3
2026-05-24,Carrot,Coimbatore,180.8
2026-05-25,Carrot,Coimbatore,173.4
2026-05-26,Carrot,Coimbatore,186.1
2026-05-27,Carrot,Coimbatore,162.5
2026-05-28,Carrot,Coimbatore,182.9
2026-05-29,Carrot,Coimbatore,207.3
2026-05-30,Carrot,Coimbatore,230.7
2026-05-31,Carrot,Coimbatore,166.3
2026-06-01,Carrot,Coimbatore,151.2
2026-06-02,Carrot,Coimbatore,174.4
2026-06-03,Carrot,Coimbatore,169.6
2026-06-04,Carrot,Coimbatore,146.6
2026-06-05,Carrot,Coimbatore,188.5
2026-06-06,Carrot,Coimbatore,217.5
2026-06-07,Carrot,Coimbatore,192.9
2026-06-08,Carrot,Coimbatore,173.1
2026-06-09,Carrot,Coimbatore,157.9
2026-06-10,Carrot,Coimbatore,183.8
2026-06-11,Carrot,Coimbatore,180.8
2026-06-12,Carrot,Coimbatore,235.9
2026-06-13,Carrot,Coimbatore,226.6
2026-06-14,Carrot,Coimbatore,179.3
2026-06-15,Carrot,Coimbatore,176.6
2026-06-16,Carrot,Coimbatore,158.0
2026-06-17,Carrot,Coimbatore,140.2
2026-06-18,Carrot,Coimbatore,156.6
2026-06-19,Carrot,Coimbatore,229.8
2026-06-20,Carrot,Coimbatore,207.0
2026-06-21,Carrot,Coimbatore,161.0
2026-06-22,Carrot,Coimbatore,145.3
2026-06-23,Carrot,Coimbatore,154.1
2026-06-24,Carrot,Coimbatore,161.8
2026-06-25,Carrot,Coimbatore,169.0
2026-06-26,Carrot,Coimbatore,202.6
2026-06-27,Carrot,Coimbatore,201.1
2026-06-28,Carrot,Coimbatore,173.0
2026-06-29,Carrot,Coimbatore,164.8
2026-06-30,Carrot,Coimbatore,166.3
2026-07-01,Carrot,Coimbatore,182.0
2026-07-02,Carrot,Coimbatore,151.1
2026-07-03,Carrot,Coimbatore,205.1
2026-07-04,Carrot,Coimbatore,213.5
2026-07-05,Carrot,Coimbatore,144.4
2026-07-06,Carrot,Coimbatore,160.5
2026-07-07,Carrot,Coimbatore,157.0
2026-07-08,Carrot,Coimbatore,197.9
2026-07-09,Carrot,Coimbatore,157.3
2026-07-10,Carrot,Coimbatore,219.4
2026-07-11,Carrot,Coimbatore,214.0
2026-07-12,Carrot,Coimbatore,137.3
2026-07-13,Carrot,Coimbatore,131.0
2026-07-14,Carrot,Coimbatore,157.5
2026-07-15,Carrot,Coimbatore,172.3
2026-07-16,Carrot,Coimbatore,157.3
2026-07-17,Carrot,Coimbatore,199.6
2026-07-18,Carrot,Coimbatore,193.6
2026-07-19,Carrot,Coimbatore,132.0
2026-07-20,Carrot,Coimbatore,137.0
2026-07-21,Carrot,Coimbatore,126.7
2026-07-22,Carrot,Coimbatore,134.1
2026-07-23,Carrot,Coimbatore,142.4
2026-07-24,Carrot,Coimbatore,206.5
2026-07-25,Carrot,Coimbatore,187.7
2026-07-26,Carrot,Coimbatore,153.0
2026-07-27,Carrot,Coimbatore,150.8
2026-07-28,Carrot,Coimbatore,155.9
2026-07-29,Carrot,Coimbatore,132.5
2026-07-30,Carrot,Coimbatore,163.6
2026-07-31,Carrot,Coimbatore,170.4
2026-08-01,Carrot,Coimbatore,184.3
2026-08-02,Carrot,Coimbatore,146.3
2026-08-03,Carrot,Coimbatore,157.7
2026-08-04,Carrot,Coimbatore,166.6
2026-08-05,Carrot,Coimbatore,157.1
2026-08-06,Carrot,Coimbatore,166.5
2026-08-07,Carrot,Coimbatore,175.9
2026-08-08,Carrot,Coimbatore,205.8
2026-08-09,Carrot,Coimbatore,159.5
2026-08-10,Carrot,Coimbatore,108.0
2026-08-11,Carrot,Coimbatore,140.3
2026-08-12,Carrot,Coimbatore,152.3
2026-08-13,Carrot,Coimbatore,135.3
2026-08-14,Carrot,Coimbatore,169.2
2026-08-15,Carrot,Coimbatore,216.8
2026-08-16,Carrot,Coimbatore,143.8
2026-08-17,Carrot,Coimbatore,143.9
2026-08-18,Carrot,Coimbatore,121.9
2026-08-19,Carrot,Coimbatore,132.1
2026-08-20,Carrot,Coimbatore,127.5
2026-08-21,Carrot,Coimbatore,199.1
2026-08-22,Carrot,Coimbatore,190.1
2026-08-23,Carrot,Coimbatore,131.6
2026-08-24,Carrot,Coimbatore,148.3
2026-08-25,Carrot,Coimbatore,135.9
2026-08-26,Carrot,Coimbatore,143.0
2026-08-27,Carrot,Coimbatore,142.7
2026-03-01,Carrot,Madurai,271.5
2026-03-02,Carrot,Madurai,272.5
2026-03-03,Carrot,Madurai,245.5
2026-03-04,Carrot,Madurai,281.4
2026-03-05,Carrot,Madurai,261.3
2026-03-06,Carrot,Madurai,350.6
2026-03-07,Carrot,Madurai,344.3
2026-03-08,Carrot,Madurai,272.8
2026-03-09,Carrot,Madurai,279.4
2026-03-10,Carrot,Madurai,255.9
2026-03-11,Carrot,Madurai,275.1
2026-03-12,Carrot,Madurai,264.8
2026-03-13,Carrot,Madurai,373.0
2026-03-14,Carrot,Madurai,336.7
2026-03-15,Carrot,Madurai,257.0
2026-03-16,Carrot,Madurai,266.9
2026-03-17,Carrot,Madurai,258.5
2026-03-18,Carrot,Madurai,269.2
2026-03-19,Carrot,Madurai,264.8
2026-03-20,Carrot,Madurai,356.0
2026-03-21,Carrot,Madurai,370.0
2026-03-22,Carrot,Madurai,274.2
2026-03-23,Carrot,Madurai,275.6
2026-03-24,Carrot,Madurai,257.4
2026-03-25,Carrot,Madurai,271.3
2026-03-26,Carrot,Madurai,267.1
2026-03-27,Carrot,Madurai,365.8
2026-03-28,Carrot,Madurai,344.1
2026-03-29,Carrot,Madurai,260.7
2026-03-30,Carrot,Madurai,278.4
2026-03-31,Carrot,Madurai,303.3
2026-04-01,Carrot,Madurai,271.0
2026-04-02,Carrot,Madurai,276.2
2026-04-03,Carrot,Madurai,369.9
2026-04-04,Carrot,Madurai,363.3
2026-04-05,Carrot,Madurai,281.3
2026-04-06,Carrot,Madurai,272.1
2026-04-07,Carrot,Madurai,272.3
2026-04-08,Carrot,Madurai,262.1
2026-04-09,Carrot,Madurai,280.6
2026-04-10,Carrot,Madurai,362.2
2026-04-11,Carrot,Madurai,365.8
2026-04-12,Carrot,Madurai,265.7
2026-04-13,Carrot,Madurai,285.4
2026-04-14,Carrot,Madurai,289.8
2026-04-15,Carrot,Madurai,254.4
2026-04-16,Carrot,Madurai,268.0
2026-04-17,Carrot,Madurai,371.7
2026-04-18,Carrot,Madurai,344.1
2026-04-19,Carrot,Madurai,279.9
2026-04-20,Carrot,Madurai,271.9
2026-04-21,Carrot,Madurai,276.6
2026-04-22,Carrot,Madurai,272.0
2026-04-23,Carrot,Madurai,282.4
2026-04-24,Carrot,Madurai,336.9
2026-04-25,Carrot,Madurai,338.2
2026-04-26,Carrot,Madurai,292.4
2026-04-27,Carrot,Madurai,301.7
2026-04-28,Carrot,Madurai,269.8
2026-04-29,Carrot,Madurai,295.4
2026-04-30,Carrot,Madurai,257.8
2026-05-01,Carrot,Madurai,341.8
2026-05-02,Carrot,Madurai,371.2
2026-05-03,Carrot,Madurai,280.5
2026-05-04,Carrot,Madurai,292.2
2026-05-05,Carrot,Madurai,274.8
2026-05-06,Carrot,Madurai,252.3
2026-05-07,Carrot,Madurai,270.4
2026-05-08,Carrot,Madurai,364.8
2026-05-09,Carrot,Madurai,344.3
2026-05-10,Carrot,Madurai,261.7
2026-05-11,Carrot,Madurai,272.9
2026-05-12,Carrot,Madurai,256.8
2026-05-13,Carrot,Madurai,269.2
2026-05-14,Carrot,Madurai,265.4
2026-05-15,Carrot,Madurai,335.8
2026-05-16,Carrot,Madurai,357.3
2026-05-17,Carrot,Madurai,272.8
2026-05-18,Carrot,Madurai,257.4
2026-05-19,Carrot,Madurai,262.0
2026-05-20,Carrot,Madurai,257.7
2026-05-21,Carrot,Madurai,251.7
2026-05-22,Carrot,Madurai,313.6
2026-05-23,Carrot,Madurai,331.2
2026-05-24,Carrot,Madurai,250.5
2026-05-25,Carrot,Madurai,261.1
2026-05-26,Carrot,Madurai,265.5
2026-05-27,Carrot,Madurai,246.4
2026-05-28,Carrot,Madurai,263.5
2026-05-29,Carrot,Madurai,320.3
2026-05-30,Carrot,Madurai,332.1
2026-05-31,Carrot,Madurai,247.3
2026-06-01,Carrot,Madurai,267.0
2026-06-02,Carrot,Madurai,257.1
2026-06-03,Carrot,Madurai,253.1
2026-06-04,Carrot,Madurai,244.8
2026-06-05,Carrot,Madurai,324.8
2026-06-06,Carrot,Madurai,356.5
2026-06-07,Carrot,Madurai,245.0
2026-06-08,Carrot,Madurai,259.2
2026-06-09,Carrot,Madurai,249.7
2026-06-10,Carrot,Madurai,257.6
2026-06-11,Carrot,Madurai,262.8
2026-06-12,Carrot,Madurai,319.3
2026-06-13,Carrot,Madurai,334.5
2026-06-14,Carrot,Madurai,289.9
2026-06-15,Carrot,Madurai,256.5
2026-06-16,Carrot,Madurai,271.6
2026-06-17,Carrot,Madurai,254.0
2026-06-18,Carrot,Madurai,232.2
2026-06-19,Carrot,Madurai,323.4
2026-06-20,Carrot,Madurai,313.5
2026-06-21,Carrot,Madurai,235.4
2026-06-22,Carrot,Madurai,242.7
2026-06-23,Carrot,Madurai,240.8
2026-06-24,Carrot,Madurai,226.6
2026-06-25,Carrot,Madurai,282.6
2026-06-26,Carrot,Madurai,325.8
2026-06-27,Carrot,Madurai,316.6
2026-06-28,Carrot,Madurai,241.4
2026-06-29,Carrot,Madurai,257.5
2026-06-30,Carrot,Madurai,270.0
2026-07-01,Carrot,Madurai,248.5
2026-07-02,Carrot,Madurai,239.5
2026-07-03,Carrot,Madurai,330.2
2026-07-04,Carrot,Madurai,309.5
2026-07-05,Carrot,Madurai,242.3
2026-07-06,Carrot,Madurai,250.2
2026-07-07,Carrot,Madurai,228.8
2026-07-08,Carrot,Madurai,202.8
2026-07-09,Carrot,Madurai,226.8
2026-07-10,Carrot,Madurai,314.2
2026-07-11,Carrot,Madurai,312.3
2026-07-12,Carrot,Madurai,251.7
2026-07-13,Carrot,Madurai,225.0
2026-07-14,Carrot,Madurai,254.0
2026-07-15,Carrot,Madurai,232.5
2026-07-16,Carrot,Madurai,238.2
2026-07-17,Carrot,Madurai,310.6
2026-07-18,Carrot,Madurai,275.6
2026-07-19,Carrot,Madurai,212.3
2026-07-20,Carrot,Madurai,211.2
2026-07-21,Carrot,Madurai,242.3
2026-07-22,Carrot,Madurai,221.0
2026-07-23,Carrot,Madurai,255.4
2026-07-24,Carrot,Madurai,291.9
2026-07-25,Carrot,Madurai,269.0
2026-07-26,Carrot,Madurai,213.2
2026-07-27,Carrot,Madurai,224.5
2026-07-28,Carrot,Madurai,230.0
2026-07-29,Carrot,Madurai,206.9
2026-07-30,Carrot,Madurai,229.7
2026-07-31,Carrot,Madurai,299.3
2026-08-01,Carrot,Madurai,276.5
2026-08-02,Carrot,Madurai,249.1
2026-08-03,Carrot,Madurai,211.0
2026-08-04,Carrot,Madurai,203.5
2026-08-05,Carrot,Madurai,195.0
2026-08-06,Carrot,Madurai,235.8
2026-08-07,Carrot,Madurai,282.4
2026-08-08,Carrot,Madurai,274.2
2026-08-09,Carrot,Madurai,193.9
2026-08-10,Carrot,Madurai,209.7
2026-08-11,Carrot,Madurai,250.8
2026-08-12,Carrot,Madurai,182.4
2026-08-13,Carrot,Madurai,204.6
2026-08-14,Carrot,Madurai,304.6
2026-08-15,Carrot,Madurai,295.9
2026-08-16,Carrot,Madurai,204.2
2026-08-17,Carrot,Madurai,215.4
2026-08-18,Carrot,Madurai,218.9
2026-08-19,Carrot,Madurai,213.5
2026-08-20,Carrot,Madurai,237.8
2026-08-21,Carrot,Madurai,279.0
2026-08-22,Carrot,Madurai,290.4
2026-08-23,Carrot,Madurai,212.6
2026-08-24,Carrot,Madurai,179.0
2026-08-25,Carrot,Madurai,191.3
2026-08-26,Carrot,Madurai,194.0
2026-08-27,Carrot,Madurai,204.7
2026-03-01,Carrot,Trichy,275.5
2026-03-02,Carrot,Trichy,267.2
2026-03-03,Carrot,Trichy,258.9
2026-03-04,Carrot,Trichy,285.1
2026-03-05,Carrot,Trichy,239.2
2026-03-06,Carrot,Trichy,347.4
2026-03-07,Carrot,Trichy,371.6
2026-03-08,Carrot,Trichy,263.5
2026-03-09,Carrot,Trichy,283.1
2026-03-10,Carrot,Trichy,265.5
2026-03-11,Carrot,Trichy,270.9
2026-03-12,Carrot,Trichy,286.6
2026-03-13,Carrot,Trichy,342.4
2026-03-14,Carrot,Trichy,373.0
2026-03-15,Carrot,Trichy,279.2
2026-03-16,Carrot,Trichy,297.6
2026-03-17,Carrot,Trichy,282.0
2026-03-18,Carrot,Trichy,263.0
2026-03-19,Carrot,Trichy,305.1
2026-03-20,Carrot,Trichy,348.3
2026-03-21,Carrot,Trichy,359.9
2026-03-22,Carrot,Trichy,293.9
2026-03-23,Carrot,Trichy,251.5
2026-03-24,Carrot,Trichy,301.4
2026-03-25,Carrot,Trichy,262.6
2026-03-26,Carrot,Trichy,273.1
2026-03-27,Carrot,Trichy,368.3
2026-03-28,Carrot,Trichy,363.4
2026-03-29,Carrot,Trichy,291.9
2026-03-30,Carrot,Trichy,256.1
2026-03-31,Carrot,Trichy,291.0
2026-04-01,Carrot,Trichy,292.2
2026-04-02,Carrot,Trichy,295.6
2026-04-03,Carrot,Trichy,340.3
2026-04-04,Carrot,Trichy,342.1
2026-04-05,Carrot,Trichy,274.9
2026-04-06,Carrot,Trichy,259.6
2026-04-07,Carrot,Trichy,252.9
2026-04-08,Carrot,Trichy,274.1
2026-04-09,Carrot,Trichy,283.3
2026-04-10,Carrot,Trichy,405.6
2026-04-11,Carrot,Trichy,371.7
2026-04-12,Carrot,Trichy,305.8
2026-04-13,Carrot,Trichy,278.7
2026-04-14,Carrot,Trichy,287.6
2026-04-15,Carrot,Trichy,276.9
2026-04-16,Carrot,Trichy,319.2
2026-04-17,Carrot,Trichy,352.2
2026-04-18,Carrot,Trichy,354.0
2026-04-19,Carrot,Trichy,290.4
2026-04-20,Carrot,Trichy,281.4
2026-04-21,Carrot,Trichy,271.7
2026-04-22,Carrot,Trichy,292.2
2026-04-23,Carrot,Trichy,277.0
2026-04-24,Carrot,Trichy,359.9
2026-04-25,Carrot,Trichy,363.7
2026-04-26,Carrot,Trichy,250.9
2026-04-27,Carrot,Trichy,252.7
2026-04-28,Carrot,Trichy,292.6
2026-04-29,Carrot,Trichy,265.9
2026-04-30,Carrot,Trichy,273.8
2026-05-01,Carrot,Trichy,382.3
2026-05-02,Carrot,Trichy,356.4
2026-05-03,Carrot,Trichy,271.7
2026-05-04,Carrot,Trichy,287.9
2026-05-05,Carrot,Trichy,265.2
2026-05-06,Carrot,Trichy,291.8
2026-05-07,Carrot,Trichy,286.6
2026-05-08,Carrot,Trichy,382.4
2026-05-09,Carrot,Trichy,344.1
2026-05-10,Carrot,Trichy,292.8
2026-05-11,Carrot,Trichy,280.2
2026-05-12,Carrot,Trichy,251.6
2026-05-13,Carrot,Trichy,232.2
2026-05-14,Carrot,Trichy,258.7
2026-05-15,Carrot,Trichy,355.7
2026-05-16,Carrot,Trichy,357.3
2026-05-17,Carrot,Trichy,268.5
2026-05-18,Carrot,Trichy,268.2
2026-05-19,Carrot,Trichy,266.6
2026-05-20,Carrot,Trichy,283.5
2026-05-21,Carrot,Trichy,246.0
2026-05-22,Carrot,Trichy,351.2
2026-05-23,Carrot,Trichy,334.2
2026-05-24,Carrot,Trichy,252.5
2026-05-25,Carrot,Trichy,283.2
2026-05-26,Carrot,Trichy,250.3
2026-05-27,Carrot,Trichy,262.5
2026-05-28,Carrot,Trichy,293.4
2026-05-29,Carrot,Trichy,355.1
2026-05-30,Carrot,Trichy,335.1
2026-05-31,Carrot,Trichy,256.9
2026-06-01,Carrot,Trichy,243.5
2026-06-02,Carrot,Trichy,280.9
2026-06-03,Carrot,Trichy,276.0
2026-06-04,Carrot,Trichy,270.5
2026-06-05,Carrot,Trichy,349.5
2026-06-06,Carrot,Trichy,325.2
2026-06-07,Carrot,Trichy,235.3
2026-06-08,Carrot,Trichy,266.4
2026-06-09,Carrot,Trichy,270.7
2026-06-10,Carrot,Trichy,280.9
2026-06-11,Carrot,Trichy,253.2
2026-06-12,Carrot,Trichy,327.1
2026-06-13,Carrot,Trichy,328.0
2026-06-14,Carrot,Trichy,264.5
2026-06-15,Carrot,Trichy,249.6
2026-06-16,Carrot,Trichy,252.4
2026-06-17,Carrot,Trichy,265.1
2026-06-18,Carrot,Trichy,242.6
2026-06-19,Carrot,Trichy,347.7
2026-06-20,Carrot,Trichy,335.5
2026-06-21,Carrot,Trichy,222.3
2026-06-22,Carrot,Trichy,241.8
2026-06-23,Carrot,Trichy,218.6
2026-06-24,Carrot,Trichy,245.3
2026-06-25,Carrot,Trichy,240.2
2026-06-26,Carrot,Trichy,333.7
2026-06-27,Carrot,Trichy,307.1
2026-06-28,Carrot,Trichy,251.6
2026-06-29,Carrot,Trichy,253.7
2026-06-30,Carrot,Trichy,248.4
2026-07-01,Carrot,Trichy,261.0
2026-07-02,Carrot,Trichy,274.3
2026-07-03,Carrot,Trichy,317.1
2026-07-04,Carrot,Trichy,320.7
2026-07-05,Carrot,Trichy,228.2
2026-07-06,Carrot,Trichy,225.5
2026-07-07,Carrot,Trichy,255.6
2026-07-08,Carrot,Trichy,253.0
2026-07-09,Carrot,Trichy,223.4
2026-07-10,Carrot,Trichy,290.1
2026-07-11,Carrot,Trichy,299.2
2026-07-12,Carrot,Trichy,234.9
2026-07-13,Carrot,Trichy,230.3
2026-07-14,Carrot,Trichy,238.2
2026-07-15,Carrot,Trichy,248.9
2026-07-16,Carrot,Trichy,241.5
2026-07-17,Carrot,Trichy,312.2
2026-07-18,Carrot,Trichy,266.6
2026-07-19,Carrot,Trichy,208.5
2026-07-20,Carrot,Trichy,220.2
2026-07-21,Carrot,Trichy,222.1
2026-07-22,Carrot,Trichy,243.6
2026-07-23,Carrot,Trichy,217.2
2026-07-24,Carrot,Trichy,308.7
2026-07-25,Carrot,Trichy,286.2
2026-07-26,Carrot,Trichy,210.6
2026-07-27,Carrot,Trichy,210.7
2026-07-28,Carrot,Trichy,261.4
2026-07-29,Carrot,Trichy,214.8
2026-07-30,Carrot,Trichy,236.7
2026-07-31,Carrot,Trichy,270.2
2026-08-01,Carrot,Trichy,314.1
2026-08-02,Carrot,Trichy,230.0
2026-08-03,Carrot,Trichy,228.3
2026-08-04,Carrot,Trichy,229.9
2026-08-05,Carrot,Trichy,231.0
2026-08-06,Carrot,Trichy,234.8
2026-08-07,Carrot,Trichy,279.8
2026-08-08,Carrot,Trichy,278.2
2026-08-09,Carrot,Trichy,221.8
2026-08-10,Carrot,Trichy,230.9
2026-08-11,Carrot,Trichy,219.1
2026-08-12,Carrot,Trichy,231.3
2026-08-13,Carrot,Trichy,228.4
2026-08-14,Carrot,Trichy,281.1
2026-08-15,Carrot,Trichy,257.5
2026-08-16,Carrot,Trichy,210.3
2026-08-17,Carrot,Trichy,243.5
2026-08-18,Carrot,Trichy,222.0
2026-08-19,Carrot,Trichy,206.9
2026-08-20,Carrot,Trichy,219.9
2026-08-21,Carrot,Trichy,290.5
2026-08-22,Carrot,Trichy,270.3
2026-08-23,Carrot,Trichy,233.4
2026-08-24,Carrot,Trichy,221.9
2026-08-25,Carrot,Trichy,197.6
2026-08-26,Carrot,Trichy,226.6
2026-08-27,Carrot,Trichy,207.3
2026-03-01,Carrot,Salem,140.3
2026-03-02,Carrot,Salem,151.2
2026-03-03,Carrot,Salem,162.9
2026-03-04,Carrot,Salem,179.2
2026-03-05,Carrot,Salem,163.1
2026-03-06,Carrot,Salem,217.0
2026-03-07,Carrot,Salem,217.5
2026-03-08,Carrot,Salem,174.1
2026-03-09,Carrot,Salem,153.3
2026-03-10,Carrot,Salem,157.6
2026-03-11,Carrot,Salem,197.1
2026-03-12,Carrot,Salem,178.1
2026-03-13,Carrot,Salem,235.2
2026-03-14,Carrot,Salem,224.9
2026-03-15,Carrot,Salem,170.3
2026-03-16,Carrot,Salem,179.4
2026-03-17,Carrot,Salem,183.5
2026-03-18,Carrot,Salem,185.4
2026-03-19,Carrot,Salem,170.9
2026-03-20,Carrot,Salem,239.1
2026-03-21,Carrot,Salem,187.9
2026-03-22,Carrot,Salem,186.4
2026-03-23,Carrot,Salem,166.7
2026-03-24,Carrot,Salem,181.5
2026-03-25,Carrot,Salem,163.5
2026-03-26,Carrot,Salem,153.4
2026-03-27,Carrot,Salem,230.4
2026-03-28,Carrot,Salem,202.8
2026-03-29,Carrot,Salem,167.4
2026-03-30,Carrot,Salem,161.2
2026-03-31,Carrot,Salem,170.8
2026-04-01,Carrot,Salem,185.4
2026-04-02,Carrot,Salem,166.1
2026-04-03,Carrot,Salem,230.1
2026-04-04,Carrot,Salem,236.5
2026-04-05,Carrot,Salem,164.2
2026-04-06,Carrot,Salem,164.4
2026-04-07,Carrot,Salem,193.8
2026-04-08,Carrot,Salem,172.1
2026-04-09,Carrot,Salem,180.8
2026-04-10,Carrot,Salem,232.6
2026-04-11,Carrot,Salem,207.0
2026-04-12,Carrot,Salem,161.6
2026-04-13,Carrot,Salem,178.6
2026-04-14,Carrot,Salem,141.8
2026-04-15,Carrot,Salem,169.6
2026-04-16,Carrot,Salem,159.7
2026-04-17,Carrot,Salem,241.0
2026-04-18,Carrot,Salem,229.4
2026-04-19,Carrot,Salem,190.2
2026-04-20,Carrot,Salem,171.6
2026-04-21,Carrot,Salem,170.4
2026-04-22,Carrot,Salem,167.4
2026-04-23,Carrot,Salem,164.3
2026-04-24,Carrot,Salem,263.5
2026-04-25,Carrot,Salem,235.1
2026-04-26,Carrot,Salem,155.4
2026-04-27,Carrot,Salem,210.8
2026-04-28,Carrot,Salem,165.0
2026-04-29,Carrot,Salem,175.7
2026-04-30,Carrot,Salem,184.8
2026-05-01,Carrot,Salem,198.6
2026-05-02,Carrot,Salem,209.0
2026-05-03,Carrot,Salem,194.8
2026-05-04,Carrot,Salem,166.5
2026-05-05,Carrot,Salem,184.7
2026-05-06,Carrot,Salem,162.7
2026-05-07,Carrot,Salem,167.8
2026-05-08,Carrot,Salem,246.5
2026-05-09,Carrot,Salem,226.0
2026-05-10,Carrot,Salem,163.4
2026-05-11,Carrot,Salem,158.1
2026-05-12,Carrot,Salem,159.2
2026-05-13,Carrot,Salem,186.4
2026-05-14,Carrot,Salem,179.0
2026-05-15,Carrot,Salem,200.2
2026-05-16,Carrot,Salem,218.4
2026-05-17,Carrot,Salem,165.7
2026-05-18,Carrot,Salem,171.2
2026-05-19,Carrot,Salem,157.1
2026-05-20,Carrot,Salem,182.4
2026-05-21,Carrot,Salem,165.6
2026-05-22,Carrot,Salem,220.5
2026-05-23,Carrot,Salem,202.7
2026-05-24,Carrot,Salem,153.7
2026-05-25,Carrot,Salem,204.3
2026-05-26,Carrot,Salem,191.1
2026-05-27,Carrot,Salem,162.7
2026-05-28,Carrot,Salem,186.4
2026-05-29,Carrot,Salem,230.2
2026-05-30,Carrot,Salem,202.2
2026-05-31,Carrot,Salem,151.6
2026-06-01,Carrot,Salem,172.2
2026-06-02,Carrot,Salem,165.7
2026-06-03,Carrot,Salem,155.4
2026-06-04,Carrot,Salem,171.9
2026-06-05,Carrot,Salem,187.3
2026-06-06,Carrot,Salem,210.2
2026-06-07,Carrot,Salem,141.5
2026-06-08,Carrot,Salem,141.6
2026-06-09,Carrot,Salem,148.7
2026-06-10,Carrot,Salem,164.4
2026-06-11,Carrot,Salem,148.5
2026-06-12,Carrot,Salem,187.4
2026-06-13,Carrot,Salem,212.4
2026-06-14,Carrot,Salem,179.9
2026-06-15,Carrot,Salem,166.7
2026-06-16,Carrot,Salem,183.8
2026-06-17,Carrot,Salem,177.5
2026-06-18,Carrot,Salem,148.7
2026-06-19,Carrot,Salem,211.8
2026-06-20,Carrot,Salem,200.4
2026-06-21,Carrot,Salem,170.8
2026-06-22,Carrot,Salem,153.1
2026-06-23,Carrot,Salem,142.3
2026-06-24,Carrot,Salem,174.3
2026-06-25,Carrot,Salem,158.1
2026-06-26,Carrot,Salem,188.8
2026-06-27,Carrot,Salem,190.8
2026-06-28,Carrot,Salem,142.1
2026-06-29,Carrot,Salem,136.7
2026-06-30,Carrot,Salem,144.2
2026-07-01,Carrot,Salem,156.6
2026-07-02,Carrot,Salem,151.6
2026-07-03,Carrot,Salem,188.7
2026-07-04,Carrot,Salem,217.2
2026-07-05,Carrot,Salem,119.3
2026-07-06,Carrot,Salem,153.6
2026-07-07,Carrot,Salem,146.5
2026-07-08,Carrot,Salem,133.7
2026-07-09,Carrot,Salem,153.3
2026-07-10,Carrot,Salem,188.4
2026-07-11,Carrot,Salem,209.9
2026-07-12,Carrot,Salem,159.7
2026-07-13,Carrot,Salem,174.9
2026-07-14,Carrot,Salem,138.7
2026-07-15,Carrot,Salem,166.5
2026-07-16,Carrot,Salem,127.7
2026-07-17,Carrot,Salem,186.6
2026-07-18,Carrot,Salem,180.8
2026-07-19,Carrot,Salem,153.1
2026-07-20,Carrot,Salem,152.4
2026-07-21,Carrot,Salem,129.8
2026-07-22,Carrot,Salem,152.8
2026-07-23,Carrot,Salem,136.9
2026-07-24,Carrot,Salem,172.7
2026-07-25,Carrot,Salem,184.3
2026-07-26,Carrot,Salem,119.4
2026-07-27,Carrot,Salem,155.1
2026-07-28,Carrot,Salem,140.0
2026-07-29,Carrot,Salem,140.0
2026-07-30,Carrot,Salem,138.8
2026-07-31,Carrot,Salem,206.4
2026-08-01,Carrot,Salem,204.1
2026-08-02,Carrot,Salem,159.4
2026-08-03,Carrot,Salem,137.5
2026-08-04,Carrot,Salem,121.7
2026-08-05,Carrot,Salem,137.9
2026-08-06,Carrot,Salem,142.5
2026-08-07,Carrot,Salem,190.9
2026-08-08,Carrot,Salem,183.0
2026-08-09,Carrot,Salem,121.5
2026-08-10,Carrot,Salem,128.5
2026-08-11,Carrot,Salem,126.9
2026-08-12,Carrot,Salem,144.1
2026-08-13,Carrot,Salem,144.1
2026-08-14,Carrot,Salem,186.4
2026-08-15,Carrot,Salem,180.2
2026-08-16,Carrot,Salem,103.9
2026-08-17,Carrot,Salem,108.7
2026-08-18,Carrot,Salem,132.2
2026-08-19,Carrot,Salem,135.5
2026-08-20,Carrot,Salem,152.6
2026-08-21,Carrot,Salem,174.7
2026-08-22,Carrot,Salem,158.6
2026-08-23,Carrot,Salem,142.9
2026-08-24,Carrot,Salem,132.5
2026-08-25,Carrot,Salem,126.5
2026-08-26,Carrot,Salem,108.1
2026-08-27,Carrot,Salem,133.4
